{-0.779756,-3.056307,-0.056547}
{-0.752067,-2.953614,-0.054082}
{-0.721395,-2.993986,-0.050901}
{-0.711147,-2.956067,-0.039481}
{-0.684088,-3.073022,-0.015703}
{-0.677804,-2.926157,-0.041039}
{-0.660966,-2.841356,-0.058286}
{-0.601981,-2.982609,-0.046803}
{-0.582911,-2.925457,-0.056012}
{-0.569997,-2.884731,-0.055164}
{-0.55505,-2.924055,-0.047986}
{-0.598544,-2.835663,-0.05841}
{-0.576253,-2.832302,-0.057533}
{-0.487327,-2.915732,-0.046547}
{-0.497179,-2.908729,-0.046978}
{-0.530158,-2.885558,-0.045512}
{-0.275689,-3.066962,-0.028144}
{-0.440682,-2.935592,-0.047354}
{-0.500092,-2.934234,-0.055502}
{-0.453351,-3.000646,-0.050843}
{-0.533494,-2.967458,-0.047345}
{-0.613739,-2.968065,-0.041737}
{-0.697715,-2.993599,-0.028529}
{-0.724818,-2.959877,-0.029029}
{-0.695278,-3.003041,-0.028653}
{-0.68166,-3.022257,-0.028508}
{-0.722487,-3.100252,-0.017878}
{-0.814716,-3.199646,-0.002058}
{-0.945434,-3.208393,0.01154}
{-0.963915,-3.186298,0.011878}
{-0.997133,-3.158769,0.011666}
{-1.006901,-3.182581,0.011687}
{-1.098317,-3.286453,0.018619}
{-1.229777,-3.432622,0.027431}
{-1.375997,-3.676997,0.037371}
{-1.404412,-3.799913,0.038993}
{-1.407105,-3.474157,0.036528}
{-1.753595,-4.369464,0.045162}
{-1.609376,-3.873657,0.034784}
{-1.506036,-3.405426,0.026203}
{-1.736369,-3.883569,0.036376}
{-1.577575,-3.485022,0.028167}
{-1.489664,-3.204123,0.021804}
{-1.705894,-3.595272,0.026609}
{-1.811071,-3.810076,0.029808}
{-1.552049,-3.23155,0.019745}
{-1.878082,-3.878314,0.02379}
{-1.567899,-3.308706,0.014103}
{-1.479836,-3.160919,0.010041}
{-1.792565,-3.78157,0.014085}
{-1.738749,-3.699466,0.013884}
{-1.386536,-3.03344,0.010317}
{-1.382005,-3.034933,0.010592}
{-0.693463,-2.975147,-0.07549}
{-0.692767,-3.11905,-0.056183}
{-0.701531,-3.279807,-0.032596}
{-0.678748,-2.923687,-0.064975}
{-0.649556,-2.8818,-0.063009}
{-0.597354,-3.055837,-0.041687}
{-0.654908,-2.870694,-0.056101}
{-0.565961,-3.00427,-0.051397}
{-0.583847,-2.894983,-0.060446}
{-0.585709,-2.823729,-0.068621}
{-0.473434,-2.918968,-0.052382}
{-0.378664,-3.008751,-0.036806}
{-0.501045,-2.805353,-0.085157}
{-0.356186,-2.975827,-0.053305}
{-0.398925,-2.935106,-0.057928}
{-0.550894,-2.809584,-0.068899}
{-0.54361,-2.83872,-0.063531}
{-0.499082,-2.860528,-0.064768}
{-0.534402,-2.853205,-0.063879}
{-0.306159,-2.989767,-0.069955}
{-0.251026,-3.054356,-0.06703}
{-0.477343,-2.932074,-0.056957}
{-0.17359,-3.244413,-0.044974}
{-0.383336,-3.144526,-0.037729}
{-0.646986,-3.071188,-0.028139}
{-0.336362,-3.509533,-0.024835}
{-0.526135,-3.295221,-0.016382}
{-0.7069,-3.247922,-0.000851}
{-0.601832,-3.850481,0.020976}
{-0.827008,-3.437433,0.015318}
{-0.992227,-3.449331,0.017044}
{-0.981844,-4.06434,0.028426}
{-1.067943,-3.573898,0.029469}
{-1.230285,-3.657553,0.040718}
{-1.354294,-3.863902,0.049474}
{-1.334667,-3.593871,0.043041}
{-1.403264,-3.479078,0.041001}
{-1.313153,-3.227976,0.034165}
{-1.489594,-3.443882,0.037018}
{-1.695147,-3.764709,0.041267}
{-1.87632,-4.097382,0.045321}
{-1.610624,-3.41172,0.038417}
{-1.862931,-3.834805,0.039292}
{-1.852502,-3.803664,0.033201}
{-1.591758,-3.307174,0.022899}
{0.480171,-1.85275,-0.027087}
{1.29393,-1.596378,0.103741}
{1.367049,-1.736482,0.124656}
{1.36045,-1.613488,0.130516}
{1.414563,-1.523838,0.086253}
{-1.718427,-0.139938,-0.317187}
{1.060461,-1.150844,0.166564}
{-1.585899,0.220412,-0.265989}
{1.438821,-1.389816,0.085139}
{-1.438752,0.518298,-0.247671}
{0.548753,-1.662841,0.064387}
{-1.307855,0.795999,-0.192714}
{1.564019,-1.558653,0.067312}
{-1.127237,0.965105,-0.109379}
{1.659964,-1.631747,0.009408}
{-0.881053,1.019173,-0.009174}
{1.641057,-1.626644,0.033781}
{-0.556622,0.797551,0.007858}
{1.617485,-1.703998,0.080819}
{-0.23395,0.464544,-0.011779}
{1.545478,-1.839971,0.102667}
{0.178894,0.0001,0.060336}
{1.401133,-2.060752,0.135507}
{0.776356,-0.605967,0.188854}
{1.129743,-2.394031,0.20537}
{0.955402,0.113054,0.184203}
{1.699253,-1.3437,0.190792}
{0.859251,0.998495,-2.463992}
{0.722217,-2.887759,0.316249}
{2.680531,-1.792407,0.093697}
{1.137062,1.024303,-1.191128}
{0.236337,-3.597286,0.373431}
{3.736113,-1.784522,0.078899}
{1.161201,0.643825,-0.65961}
{-0.497804,-4.376042,0.373217}
{3.192419,-1.66761,0.21546}
{0.986673,0.017542,-0.342667}
{-1.377981,-4.899872,0.284868}
{2.082322,-2.011301,0.441451}
{1.020983,-0.268623,-0.157962}
{-2.468867,-5.436438,0.120607}
{0.664095,-2.711956,0.606968}
{0.866544,-0.674489,-0.034746}
{-3.433584,-5.359754,-0.127698}
{-1.384499,-3.649481,0.549837}
{0.712041,-1.050352,0.062266}
{-2.890913,-3.915106,-0.095158}
{-4.270925,-4.237197,0.437574}
{0.55531,-1.390138,0.115492}
{-5.144014,-4.205187,-0.208754}
{-5.409704,-3.914793,0.392953}
{0.351989,-1.705515,0.11762}
{-3.639944,-2.705595,-0.209454}
{-5.270728,-4.129926,0.473966}
{0.157082,-1.931441,0.10754}
{-4.789735,-4.564016,0.518692}
{-4.687948,-3.099493,-0.055957}
{-0.044497,-2.132515,0.096968}
{-2.387512,-2.837911,0.323354}
{-4.404112,-3.138468,-0.167595}
{-0.217409,-2.300036,0.095879}
{1.525468,-0.554756,-1.944857}
{-4.019053,-3.149866,0.031686}
{-0.363897,-2.446569,0.10203}
{0.920289,-0.11752,-0.895128}
{-3.763181,-3.233575,0.197308}
{-0.491297,-2.587887,0.117402}
{-3.597487,-3.429787,0.279196}
{-0.605068,-2.723049,0.146876}
{0.251717,-0.282603,-0.39875}
{-3.14735,-3.371907,0.139907}
{-0.719309,-2.870609,0.189478}
{-0.348293,-0.539779,-0.12806}
{-1.999668,-2.70413,0.075834}
{-0.842438,-3.050737,0.239637}
{-0.730324,-0.889891,0.053897}
{-2.682928,-3.307611,0.059077}
{-0.976538,-3.235381,0.253636}
{-0.96488,-1.279713,0.152264}
{-1.840739,-2.777691,0.047122}
{-1.076354,-3.323961,0.194715}
{-1.148806,-1.638182,0.21041}
{-1.976836,-2.90718,0.045126}
{-1.095835,-3.214431,0.048152}
{-1.318157,-1.987247,0.240435}
{-1.759354,-2.84662,0.030741}
{-0.934599,-2.570613,0.037205}
{-1.486887,-2.272044,0.227117}
{-2.015184,-3.168442,0.026346}
{-1.021178,-2.754869,0.023353}
{-1.5508,-2.409653,0.145838}
{-1.421438,-2.40986,0.05945}
{-0.973617,-2.609848,0.024103}
{-1.595379,-2.81178,0.024244}
{-1.226201,-2.230437,0.044291}
{-1.242568,-3.353785,0.016651}
{0.337658,-1.423868,0.097044}
{0.176953,-1.174661,0.091343}
{0.485302,-1.402237,0.092093}
{-1.542951,-2.660203,0.025334}
{-1.316759,-2.499732,0.026662}
{0.281609,-1.35188,0.084683}
{-1.547407,-2.867138,0.01918}
{0.775893,-1.597088,0.154037}
{-1.515812,-2.838121,0.016616}
{0.526386,-1.576007,0.073236}
{-1.570382,-3.266454,0.020113}
{-1.227932,-1.507425,-0.033761}
{0.400158,-1.534566,0.043481}
{-1.820163,-3.732458,0.024723}
{-1.219465,-1.421577,-0.050591}
{0.5019,-1.586316,0.034615}
{-1.475015,-3.137508,0.011327}
{-1.297555,-1.323793,-0.060048}
{-1.859099,-3.769982,0.020916}
{0.77789,-1.43621,0.118008}
{-1.053894,-1.337357,-0.074978}
{-1.597791,-3.326928,0.014965}
{1.151702,-1.249989,0.210664}
{-1.436065,-3.056331,0.01284}
{-1.379837,-1.199532,-0.076845}
{1.483721,-1.251144,0.17341}
{-1.798407,-3.747631,0.017902}
{1.461159,-1.313726,0.180376}
{-1.226719,-1.116634,-0.099126}
{-1.833061,-3.817814,0.019206}
{1.356209,-1.397043,0.238373}
{-0.66647,-3.442544,-0.035885}
{-1.442657,-0.965406,-0.160903}
{1.314666,-1.474143,0.265259}
{-0.637745,-2.997858,-0.084604}
{1.284818,-1.529245,0.260921}
{-1.810031,-0.731434,-0.234123}
{-0.629056,-2.940129,-0.091231}
{1.182035,-1.463789,0.214093}
{-0.597857,-3.196842,-0.061334}
{0.987717,-1.214611,0.196423}
{-1.809263,-0.430664,-0.314113}
{-0.567705,-2.860415,-0.093366}
{0.951408,-1.143578,0.224138}
{-0.556868,-3.066408,-0.055859}
{0.954712,-1.139674,0.237816}
{-1.757638,-0.162953,-0.313035}
{-0.570676,-2.899011,-0.079656}
{1.112225,-1.226701,0.246858}
{-0.542602,-2.852563,-0.081356}
{-1.624123,0.220309,-0.257063}
{1.111028,-1.073674,0.251188}
{-0.423479,-3.060353,-0.049407}
{1.082675,-0.912606,0.257124}
{-1.455738,0.557169,-0.238226}
{-0.462291,-3.003855,-0.052804}
{1.160008,-0.901572,0.249819}
{-0.506841,-2.86457,-0.067104}
{-1.307011,0.903085,-0.206243}
{1.207969,-0.847231,0.243702}
{-0.421411,-2.916738,-0.061709}
{1.229256,-0.75356,0.227024}
{-0.48056,-2.834085,-0.07905}
{-1.110663,1.146693,-0.138297}
{1.328716,-0.775553,0.131654}
{-0.443713,-2.83535,-0.08837}
{-0.802725,1.34685,-0.042726}
{-0.316902,-2.915872,-0.089769}
{1.429834,-0.728398,0.136962}
{-0.341608,-2.876643,-0.090632}
{-0.396338,1.302589,0.013734}
{1.450419,-0.660628,0.204516}
{-0.221202,-2.924363,-0.086783}
{1.435236,-0.659903,0.241068}
{0.024261,1.050745,0.001894}
{-0.050621,-3.045798,-0.076397}
{1.356272,-0.740444,0.290959}
{-0.474751,-2.864108,-0.066989}
{0.534625,0.571157,0.059101}
{1.069585,-1.004056,0.38638}
{-0.210396,-3.021417,-0.077145}
{0.901748,-1.397416,0.42889}
{-0.226007,-3.036912,-0.071174}
{1.176786,-0.021968,0.211094}
{0.582813,-2.036045,0.427563}
{-0.503729,-2.869604,-0.062498}
{1.959238,-0.641302,0.347973}
{0.029707,-2.908724,0.367999}
{-0.36311,-3.021855,-0.05595}
{-0.42968,-3.015649,-0.047724}
{-0.894219,-4.093999,0.225694}
{2.709065,-1.16645,0.32907}
{-0.582259,-3.016672,-0.033443}
{-1.903904,-4.880755,0.003883}
{3.428336,-1.155495,0.401176}
{-0.651632,-3.119885,-0.014147}
{-2.93898,-5.141675,-0.368683}
{-0.679871,-3.116013,-0.01063}
{-4.893968,-4.847279,-0.598028}
{-0.723595,-3.152176,-0.004319}
{-6.180674,-3.701812,-0.506562}
{-0.719657,-3.17476,-0.003501}
{2.866711,-1.144865,0.584922}
{-0.822997,-3.263833,0.012778}
{-5.719789,-2.570099,-0.097794}
{-0.956756,-3.411668,0.021563}
{-5.143429,-2.651444,-0.060774}
{-4.554876,-2.611773,0.014636}
{-1.065055,-3.534275,0.030967}
{1.888797,-1.256265,0.763156}
{-1.077621,-3.442227,0.031095}
{-4.107682,-2.704408,0.167294}
{-1.042024,-2.707896,0.019028}
{1.017978,-1.355837,0.826724}
{-1.258934,-3.848256,0.047822}
{-3.785182,-2.883027,0.287324}
{-1.330062,-4.033293,0.054519}
{-3.474424,-3.218515,0.321364}
{-0.920539,-2.904998,0.728404}
{-1.31438,-3.33505,0.038411}
{-1.911052,-2.424647,0.105366}
{-4.387262,-3.977983,0.32632}
{-1.629601,-4.098894,0.057404}
{-2.370423,-2.835347,0.094119}
{-5.862527,-3.76789,0.217902}
{-1.700576,-4.185835,0.063032}
{-2.055868,-2.842701,0.053428}
{-5.083206,-4.147759,0.324703}
{-1.87395,-2.715315,0.048257}
{-1.472149,-3.252133,0.046335}
{-3.99747,-5.178516,0.343377}
{-2.537362,-3.456428,0.043767}
{-1.798327,-3.858566,0.05822}
{-2.595276,-6.444427,0.168102}
{-1.709966,-2.745447,0.03446}
{-1.645996,-3.46486,0.04597}
{-0.688414,-6.730233,-0.282949}
{-1.918254,-3.013532,0.027136}
{-1.540865,-3.210007,0.036232}
{0.052818,-6.107045,-0.564389}
{-1.695339,-2.86387,0.023537}
{-1.735823,-3.581315,0.039028}
{0.341386,-5.328408,-0.798184}
{-1.819041,-3.692368,0.035473}
{0.182065,-1.074393,0.069107}
{0.554506,-4.733345,-0.992089}
{-1.680161,-3.416176,0.02302}
{0.20241,-1.141914,0.091485}
{0.707818,-4.243718,-1.233239}
{-2.080069,-4.06635,0.032206}
{0.479814,-1.28924,0.099193}
{1.676972,-3.27571,-1.49449}
{-1.723308,-3.438522,0.023202}
{0.293318,-1.322574,0.085513}
{2.096053,-1.659873,-1.022376}
{-1.460167,-2.98906,0.016316}
{0.385346,-1.214573,0.094015}
{-1.734602,-3.488052,0.021469}
{1.238547,-1.011531,-0.330448}
{0.362755,-1.165517,0.096729}
{-1.032448,-2.663681,0.018662}
{-1.601414,-3.238006,0.019422}
{0.528793,-0.799493,-0.094334}
{1.023914,-1.123844,0.221927}
{-1.221968,-2.350918,-0.000018}
{-1.791098,-3.591936,0.020073}
{-0.080503,-0.903902,0.054844}
{0.497193,-0.87479,0.136618}
{-1.366285,-2.253918,0.011824}
{-1.547622,-3.201913,0.017841}
{-0.483176,-1.176286,0.130618}
{1.186486,-0.827898,0.26587}
{-1.332228,-2.248361,-0.000116}
{-1.44206,-3.043321,0.01635}
{-0.763555,-1.475492,0.164401}
{0.8197,-0.546667,0.196907}
{-1.451327,-2.256681,-0.006207}
{-0.60909,-3.077441,-0.077659}
{-0.983598,-1.801136,0.213494}
{1.225829,-0.700669,0.246745}
{-1.314926,-2.319344,-0.021676}
{-0.59251,-3.160856,-0.076483}
{-1.185934,-2.097149,0.239608}
{1.160787,-0.73375,0.250644}
{-1.559177,-2.259377,-0.012324}
{-0.626028,-2.95433,-0.090928}
{-1.361112,-2.36339,0.228271}
{1.062852,-0.846558,0.282251}
{-1.637926,-2.261829,-0.020088}
{-0.560517,-3.192795,-0.071142}
{-1.449126,-2.476559,0.146231}
{1.013689,-0.935059,0.302237}
{-1.509855,-2.291039,-0.05881}
{-0.567665,-2.90976,-0.089066}
{-1.314006,-2.30764,0.072044}
{0.939483,-1.046223,0.325268}
{-2.138175,-2.235057,-0.289755}
{-0.534229,-2.925123,-0.08379}
{-1.173428,-2.236967,0.046565}
{0.809393,-1.031485,0.279414}
{-2.279572,-2.174295,-0.447327}
{-0.392665,-3.199662,-0.043218}
{-1.405826,-2.593199,0.025087}
{0.586374,-0.720559,0.215979}
{-2.363849,-2.150172,-0.238132}
{-0.421422,-3.027574,-0.072419}
{-1.310922,-2.513598,0.026642}
{0.616527,-0.633234,0.286083}
{-2.497034,-2.134101,-0.128855}
{-0.429616,-2.942988,-0.082957}
{-1.405601,-2.701393,0.023157}
{0.571326,-0.56944,0.320586}
{-2.665989,-2.190074,-0.096492}
{-0.451251,-2.884346,-0.094292}
{-1.414118,-2.744281,0.019378}
{0.635256,-0.542207,0.356535}
{-2.833565,-2.242819,-0.066832}
{-0.406942,-2.901281,-0.095558}
{-1.241024,-1.600456,-0.035579}
{0.736809,-0.461072,0.381632}
{-2.956226,-2.203783,-0.009124}
{-0.269471,-2.980301,-0.091246}
{-1.239438,-1.53666,-0.05299}
{0.757613,-0.365607,0.381152}
{-3.074514,-2.222476,0.065419}
{-0.141221,-3.08246,-0.087262}
{-1.318079,-1.428477,-0.061778}
{0.81153,-0.292067,0.389651}
{-3.18664,-2.263268,0.154637}
{-0.497092,-2.803294,-0.087633}
{-1.054457,-1.342868,-0.0751}
{0.852137,-0.154774,0.384839}
{-3.230043,-2.320895,0.280855}
{-0.127459,-3.015513,-0.097677}
{-1.408596,-1.296527,-0.071981}
{0.88857,-0.035235,0.352952}
{-3.197957,-2.42938,0.385065}
{-0.198349,-2.956812,-0.096605}
{-1.258464,-1.213397,-0.095461}
{0.827486,0.193037,0.300666}
{-2.961319,-2.387968,0.498656}
{-0.322486,-2.841259,-0.096505}
{-1.499533,-1.064532,-0.150367}
{0.897235,0.389838,0.320333}
{-2.265928,-2.370501,0.569653}
{-0.344653,-2.825517,-0.097869}
{-1.837255,-0.841695,-0.219033}
{0.92468,0.568746,0.391048}
{-1.008311,-1.782786,0.656459}
{-0.392137,-2.815207,-0.089339}
{-1.849205,-0.511796,-0.304224}
{0.941078,0.730386,0.447186}
{0.464628,-0.55021,0.173949}
{-0.30687,-2.889292,-0.07591}
{-1.814214,-0.247057,-0.29427}
{0.916532,0.828446,0.507748}
{2.88061,0.273594,-2.263204}
{-0.237897,-2.957117,-0.06395}
{-1.691908,0.120791,-0.23704}
{0.813832,0.837051,0.581871}
{-0.377219,-2.910951,-0.06316}
{0.802563,0.691734,0.610579}
{-0.121438,-3.096624,-0.039468}
{0.761407,0.422317,0.61239}
{-0.089873,-3.146974,-0.029924}
{0.711707,0.028955,0.627303}
{-0.470772,-2.943869,-0.025891}
{-0.188469,-3.40553,0.000015}
{0.322344,-0.828128,0.611094}
{-0.363104,-3.310162,0.000341}
{-0.605233,-1.961084,0.305908}
{-0.635664,-3.273897,0.009809}
{-3.024625,-3.370325,-0.325583}
{-6.220449,-4.418883,-0.739224}
{-0.442687,-3.690656,0.042435}
{-7.901605,-3.215585,-0.777037}
{-0.6878,-3.374905,0.0366}
{-1.530554,0.469214,-0.213159}
{-5.995673,-2.119747,-0.139705}
{-1.377463,0.838709,-0.196309}
{-0.818068,-3.69131,0.04356}
{-5.30162,-2.038949,0.028768}
{-1.147575,1.205916,-0.170697}
{-0.902166,-3.825592,0.051195}
{-4.565554,-2.062595,0.106814}
{-0.816604,1.477049,-0.079047}
{-4.055368,-2.271801,0.209142}
{-1.073957,-3.319593,0.034686}
{-0.359944,1.617377,-0.001431}
{-3.695637,-2.572294,0.305445}
{0.154958,1.582403,0.018623}
{-1.172443,-3.737458,0.056941}
{-3.39463,-2.934054,0.310338}
{0.709986,1.240508,0.082585}
{-1.214279,-3.568533,0.052615}
{-3.241147,-3.050274,0.212643}
{2.495075,0.29624,-1.055324}
{-1.919806,-2.353485,0.097734}
{-1.358556,-3.410662,0.051206}
{2.18928,0.018382,-0.565111}
{-2.42478,-2.933602,0.06218}
{-1.483036,-3.342845,0.050512}
{1.670625,-0.456534,-0.274694}
{-2.168752,-2.855681,0.050733}
{1.480742,-0.594755,-0.10362}
{-1.553547,-3.577401,0.054367}
{-1.681989,-2.662388,0.037788}
{1.188397,-0.940823,0.006296}
{-1.979164,-2.943235,0.036443}
{-1.687422,-3.67765,0.059889}
{0.921998,-1.251818,0.084882}
{-2.113559,-3.232893,0.023506}
{-1.92782,-4.165333,0.071674}
{0.701434,-1.551142,0.127018}
{-1.790243,-2.9578,0.022795}
{-1.646805,-3.46358,0.046234}
{0.45,-1.824685,0.127174}
{-1.969697,-3.878977,0.058852}
{0.208365,-1.061954,0.059013}
{0.225062,-2.019841,0.119409}
{-2.014399,-3.926752,0.059989}
{0.005234,-2.20469,0.109249}
{0.200404,-0.84329,0.059455}
{-1.603229,-3.135293,0.037715}
{-0.184534,-2.356888,0.10796}
{-1.571778,-3.077821,0.028335}
{0.155025,-0.874633,0.083334}
{-0.340461,-2.497441,0.113746}
{-1.81111,-3.517114,0.030394}
{0.298511,-0.789034,0.11434}
{-0.473185,-2.637484,0.12883}
{-1.673919,-3.234355,0.027458}
{-0.589098,-2.774456,0.157697}
{0.531762,-0.761418,0.120112}
{-2.20213,-4.145326,0.029205}
{-0.703415,-2.924358,0.199327}
{0.234749,-0.453403,0.132966}
{-1.761039,-3.446636,0.022102}
{-0.824742,-3.107531,0.245978}
{-1.509829,-3.044745,0.017607}
{0.27466,-0.42689,0.170643}
{-0.961824,-3.28011,0.25247}
{-1.731677,-3.460677,0.020241}
{0.442428,-0.31975,0.192591}
{-1.035861,-3.299438,0.18295}
{-1.518392,-3.149614,0.017562}
{-0.907074,-2.542655,0.036498}
{0.896931,-0.155474,0.244209}
{-1.788258,-3.59307,0.020035}
{-0.965734,-2.725469,0.030987}
{0.907899,0.054441,0.227857}
{-0.464078,-3.01043,-0.091155}
{-1.122437,-3.201163,0.015973}
{-0.496272,-3.313922,-0.072017}
{0.879341,0.036242,0.280715}
{-1.006554,-2.728268,0.022447}
{-0.480519,-2.985177,-0.103175}
{0.791972,-0.0215,0.286477}
{-1.089012,-2.931991,0.020562}
{-0.496912,-2.920122,-0.119524}
{-1.051495,-2.737845,0.01782}
{0.708392,-0.169296,0.302592}
{1.314414,0.742613,0.231372}
{-0.397682,-3.352429,-0.06102}
{-1.271623,-3.386335,0.010501}
{1.990844,0.190447,0.406045}
{-0.448963,-3.145696,-0.077083}
{0.631831,-0.26666,0.346643}
{0.502395,-0.420935,0.397657}
{-0.427287,-2.98267,-0.091698}
{-1.268163,-2.410616,0.01085}
{0.084952,-0.496437,0.359324}
{-0.444877,-2.867755,-0.103742}
{-0.217795,-0.127526,0.037226}
{-1.307954,-2.35625,0.012021}
{-0.394674,-2.941578,-0.10095}
{-7.960805,-1.220177,-1.508516}
{-1.248971,-2.41379,0.003491}
{-6.180763,-1.052227,-0.325435}
{-0.248032,-3.085574,-0.096659}
{-5.136812,-1.238117,-0.045639}
{-0.16561,-3.135064,-0.1004}
{-1.365869,-2.402742,-0.001632}
{2.492251,-0.310184,0.51424}
{-4.377986,-1.523787,0.109824}
{-0.320007,-2.832021,-0.122614}
{-1.567521,-2.348633,0.004011}
{2.906652,-0.387789,0.641269}
{-3.876014,-1.83967,0.218277}
{-0.24588,-2.923004,-0.112059}
{-1.438774,-2.350422,-0.013951}
{1.368842,-0.252865,0.297682}
{-3.573746,-2.261937,0.304271}
{-0.336905,-2.820217,-0.117411}
{-1.419793,-2.370186,-0.042612}
{0.619519,-0.056158,0.341835}
{-3.236808,-2.618083,0.298708}
{-0.269167,-2.832824,-0.109577}
{-1.601689,-2.326882,-0.083974}
{0.611963,0.231909,0.429264}
{-3.188003,-2.861877,0.219223}
{-0.128443,-2.900731,-0.098887}
{-2.053314,-2.275453,-0.243495}
{0.207247,0.382821,0.192301}
{-2.780862,-2.797737,0.118411}
{-0.323352,-2.818684,-0.100574}
{-2.1683,-2.258926,-0.336793}
{-0.797785,-1.209548,0.259135}
{-2.105824,-2.658779,0.066845}
{0.080493,-2.963311,-0.082722}
{-2.231763,-2.258855,-0.160935}
{-6.733766,-2.148781,-0.173847}
{-2.108306,-2.707045,0.05549}
{0.090708,-2.943986,-0.080851}
{-2.348037,-2.285878,-0.08739}
{-4.789792,-2.766856,0.2782}
{-2.057168,-2.892093,0.045479}
{-0.182587,-2.823117,-0.087895}
{-2.496262,-2.452983,-0.072838}
{-3.487607,-3.655688,0.372146}
{-2.10914,-3.004747,0.040032}
{0.199746,-3.082755,-0.069436}
{-2.664195,-2.60199,-0.059327}
{-2.09151,-4.485027,0.341045}
{-1.576183,-2.653227,0.030276}
{-0.213364,-2.939614,-0.063474}
{-2.804771,-2.817908,-0.052249}
{-0.767071,-4.738514,0.201571}
{-1.947842,-3.094893,0.020047}
{-0.127429,-3.043009,-0.04248}
{-2.932692,-3.000795,-0.015969}
{-0.029306,-4.519066,0.031024}
{-0.054746,-0.666629,0.079744}
{-0.07325,-3.122609,-0.023191}
{-3.04997,-3.216554,0.041911}
{0.42994,-4.356587,-0.096972}
{0.123188,-0.538489,0.050097}
{-0.422484,-2.911266,-0.024022}
{-3.12993,-3.535408,0.112072}
{0.695107,-4.009671,-0.256709}
{-0.007662,-0.401122,0.06503}
{-0.237502,-3.224476,-0.007901}
{-3.156291,-3.801971,0.193505}
{0.772776,-3.573066,-0.393568}
{0.028976,-0.176306,0.071741}
{-0.321871,-3.256215,0.005726}
{-3.110569,-4.200961,0.236989}
{1.532908,-3.074692,-0.537973}
{0.000914,-0.233803,0.11714}
{-0.555269,-3.262263,0.018811}
{-2.651453,-4.366117,0.244317}
{1.515187,-1.977506,-0.264885}
{0.219825,-0.135632,0.142585}
{-0.571532,-3.516234,0.046145}
{-2.043698,-4.491818,0.233794}
{1.079155,-1.472016,-0.089164}
{0.345562,-0.148005,0.164669}
{-0.688169,-3.320189,0.040137}
{-0.94706,-2.023376,0.133855}
{0.091666,0.033546,0.157045}
{0.476378,-1.230727,0.063892}
{-0.77669,-3.779866,0.052082}
{4.658007,-1.336868,-1.856529}
{0.476908,0.425507,0.207659}
{-0.024228,-1.285139,0.137623}
{-0.834193,-3.875625,0.05808}
{3.671087,-0.983301,-0.807606}
{0.449413,0.847646,0.187391}
{-0.371766,-1.467727,0.163334}
{-1.096035,-3.309885,0.040931}
{2.899795,-0.796404,-0.43078}
{0.490885,0.886244,0.232209}
{-0.648887,-1.71069,0.184277}
{-1.247659,-4.343914,0.09008}
{2.079213,-1.011339,-0.18219}
{-0.886501,-1.965489,0.222467}
{0.400251,0.878908,0.282509}
{-1.276456,-3.852842,0.079592}
{1.789794,-1.062529,-0.033841}
{-1.092136,-2.239688,0.2449}
{0.308183,0.768804,0.283286}
{-1.472488,-3.842287,0.079066}
{1.375995,-1.263445,0.046521}
{-1.272918,-2.468144,0.231218}
{0.216186,0.693948,0.317057}
{-1.733945,-4.487412,0.092429}
{1.063566,-1.527616,0.11196}
{-1.361585,-2.55651,0.148917}
{-0.017335,0.542637,0.403911}
{-1.518468,-3.46374,0.057056}
{0.784395,-1.753615,0.136499}
{-1.243376,-2.401409,0.073595}
{-0.45373,0.328936,0.385449}
{-1.836862,-3.925189,0.078074}
{0.498968,-1.977385,0.137208}
{-1.096376,-2.28602,0.048364}
{-0.310516,-0.038495,0.048281}
{-1.698209,-3.5683,0.064897}
{0.258733,-2.144926,0.130376}
{-6.562984,0.286432,-1.898575}
{-1.348331,-2.652895,0.024171}
{-1.597818,-3.157806,0.051049}
{0.023748,-2.293196,0.120479}
{-5.417412,-0.083055,-0.529846}
{-1.269713,-2.539715,0.026346}
{-1.82829,-3.456927,0.055387}
{-0.171321,-2.433964,0.11912}
{-4.565567,-0.660066,-0.1403}
{-1.364364,-2.749955,0.022279}
{-1.881336,-3.561028,0.057572}
{-0.331638,-2.56161,0.124872}
{-3.95746,-1.080577,0.071053}
{-1.372907,-2.792901,0.018497}
{-1.991674,-3.642883,0.055907}
{-0.465421,-2.698031,0.140378}
{-3.612739,-1.533328,0.205928}
{-1.370933,-1.674693,-0.029312}
{-2.288141,-4.131494,0.060775}
{-0.580746,-2.835203,0.169449}
{-3.367649,-1.982767,0.29043}
{-1.588205,-3.076251,0.029158}
{-1.25073,-1.637574,-0.05515}
{-0.691855,-2.984915,0.21021}
{-3.198009,-2.44335,0.309146}
{-1.551549,-1.554147,-0.048107}
{-1.718161,-3.24671,0.032852}
{-0.810296,-3.167294,0.254363}
{-3.080934,-2.652332,0.235375}
{-1.081697,-1.382423,-0.075032}
{-1.656991,-3.194192,0.02681}
{-0.924629,-3.25262,0.237995}
{-1.770446,-2.374595,0.073343}
{-1.579611,-1.281815,-0.076783}
{-1.641241,-3.198857,0.02174}
{-1.023132,-3.361568,0.158987}
{-1.983365,-2.537094,0.067667}
{-1.316864,-1.274809,-0.095195}
{-2.21044,-4.107432,0.023555}
{-1.025472,-3.135299,0.043061}
{-2.495882,-2.947391,0.051926}
{-1.558387,-1.128949,-0.149848}
{-1.670725,-3.248592,0.021528}
{-0.983315,-2.848372,0.02722}
{-1.748008,-2.586156,0.047881}
{-1.448457,-1.026562,-0.158349}
{-1.468988,-2.972127,0.019981}
{-1.011054,-2.850827,0.022755}
{-1.968971,-2.812249,0.043046}
{-1.894041,-0.630061,-0.289672}
{-1.793569,-3.565026,0.02234}
{-1.090439,-3.012877,0.01876}
{-1.614063,-2.653433,0.030774}
{-1.866679,-0.371407,-0.278576}
{-0.319124,-3.517096,-0.019724}
{-1.129023,-3.127395,0.015361}
{-2.156856,-3.264622,0.019278}
{-1.756775,-0.038199,-0.23009}
{-0.417519,-2.968418,-0.099627}
{-1.011831,-2.67566,0.016558}
{-0.366366,-0.496049,0.081591}
{-1.615821,0.300972,-0.208333}
{-0.379381,-3.355513,-0.072074}
{-1.180912,-3.136025,0.011537}
{-0.286033,-0.177568,0.072143}
{-0.365024,-3.408992,-0.074361}
{-0.129155,-0.327787,0.081052}
{-0.426814,-2.967325,-0.124403}
{-1.235892,-2.438574,0.008168}
{-0.085465,0.068363,0.05894}
{-0.357386,-3.059417,-0.122668}
{-0.005409,-0.086209,0.09279}
{-0.299167,-3.064917,-0.118906}
{-0.219495,0.346555,0.105579}
{-1.238025,-2.484727,0.008961}
{-0.218486,-3.093529,-0.115374}
{-0.055637,0.089429,0.135851}
{-0.18928,-3.173083,-0.103378}
{-0.17889,0.894543,0.136236}
{-0.050212,1.06111,0.158057}
{-0.364142,-2.831663,-0.125462}
{-0.048003,1.434538,0.152065}
{-0.338592,-2.804366,-0.12712}
{-0.006011,1.641117,0.180449}
{-0.158723,-2.941622,-0.117419}
{-0.036966,1.793251,0.223697}
{-0.071649,1.737689,0.219088}
{-0.078185,-2.943282,-0.111693}
{-0.132839,1.646384,0.223031}
{0.179153,-3.083225,-0.096271}
{-0.197582,-2.749766,-0.139628}
{-0.267551,1.406099,0.271475}
{0.177073,-3.005208,-0.104132}
{-0.492844,0.909258,0.255953}
{-0.026776,-2.897242,-0.105571}
{-0.259647,0.167254,0.029477}
{-0.040083,-2.855412,-0.101506}
{-4.702037,0.605575,-2.067777}
{-0.132914,-2.831221,-0.087936}
{-0.23827,-2.778614,-0.09122}
{-4.268551,0.279978,-0.6378}
{-0.257344,-2.763177,-0.092423}
{-3.776253,-0.386473,-0.203083}
{-0.164732,-2.809591,-0.077761}
{-3.457995,-0.869381,0.044522}
{-0.114267,-2.885091,-0.048865}
{-3.2452,-1.337281,0.184011}
{-0.121083,-2.950432,-0.025417}
{-3.099469,-1.79598,0.272789}
{-1.409265,-2.487998,0.024756}
{-0.320155,-2.918984,-0.024578}
{-3.056486,-2.260795,0.310474}
{-1.242055,-2.541282,0.001013}
{-3.026719,-2.557858,0.253119}
{-0.105669,-3.116403,-0.009412}
{-1.329627,-2.499152,0.00311}
{-2.866496,-2.701597,0.129912}
{-0.138104,-3.186389,0.005352}
{-1.77247,-2.366913,0.07358}
{-1.471377,0.681762,-0.212733}
{-0.389544,-3.276132,0.02134}
{-1.891402,-2.59578,0.049137}
{-1.240555,1.083015,-0.207748}
{-0.455154,-3.466056,0.046336}
{-1.649247,-2.487737,0.048519}
{-0.904653,1.487318,-0.1244}
{-2.310286,-3.153149,0.037365}
{-0.465053,1.765688,-0.01973}
{-0.660358,-3.271912,0.039326}
{-1.622572,-2.623857,0.033386}
{0.085781,1.909955,0.050174}
{-0.694373,-3.555932,0.047858}
{-1.570298,-2.606453,0.031124}
{0.698489,1.813618,0.11642}
{-0.497722,-0.315187,0.054633}
{-0.801248,-3.521288,0.05169}
{1.286779,1.436641,0.22304}
{-0.462321,0.12874,-0.005839}
{1.812555,0.984957,0.372265}
{-1.057781,-3.562012,0.066261}
{-0.237042,-0.260872,0.09481}
{2.160422,0.400505,0.552286}
{-1.271372,-3.405982,0.070037}
{-0.347829,-0.075361,0.078183}
{2.253292,0.330649,0.710578}
{-1.280749,-3.388037,0.068425}
{-0.296712,0.057047,0.073143}
{0.675328,0.026955,0.248576}
{-0.461314,0.808428,0.084309}
{-1.381846,-3.594631,0.073245}
{-6.230102,-0.505937,-0.401099}
{-0.464812,0.467311,0.081968}
{-1.535961,-3.792216,0.078867}
{-0.448204,0.780484,0.101456}
{-0.265354,0.717441,0.120126}
{-1.627404,-3.520261,0.069208}
{-0.516072,1.717686,0.083494}
{-2.092766,-4.292014,0.099441}
{-0.400314,1.870609,0.148013}
{-0.397257,2.076013,0.180791}
{-1.834216,-3.593272,0.081395}
{-0.340547,2.050445,0.182981}
{-4.47668,-1.347109,0.207673}
{-2.190434,-3.990595,0.087135}
{-0.275952,1.924099,0.189003}
{-3.215317,-2.243034,0.360522}
{-0.244542,1.603497,0.228432}
{-2.257543,-4.076037,0.083181}
{-1.972418,-3.008221,0.404214}
{-0.235413,1.054534,0.204205}
{-1.755478,-3.220146,0.051558}
{-1.006935,-3.355829,0.350178}
{-0.04218,0.179003,-0.029198}
{-1.299917,-2.523497,-0.010899}
{-1.760139,-3.225912,0.051731}
{-0.295037,-3.446023,0.256038}
{-2.792781,0.25372,-1.946583}
{-1.793791,-2.398529,-0.010879}
{-1.783793,-3.252572,0.046238}
{0.186273,-3.392923,0.161322}
{-3.146318,0.215533,-0.481866}
{-1.452875,-2.475382,-0.057374}
{-2.035978,-3.616641,0.047935}
{0.502921,-3.269313,0.06986}
{-3.041484,-0.426811,-0.097342}
{-1.982323,-2.472952,-0.14249}
{-2.204677,-3.872623,0.050443}
{0.680951,-3.045625,-0.024303}
{-2.998343,-0.844251,0.089796}
{-2.070084,-2.376363,-0.245038}
{-1.630147,-2.980646,0.03515}
{1.073195,-2.664659,-0.070824}
{-2.948515,-1.274202,0.206255}
{-2.124326,-2.365302,-0.093952}
{-1.860356,-3.398162,0.032145}
{1.000692,-2.117858,-0.018966}
{-2.909693,-1.701007,0.285391}
{-2.197734,-2.402011,-0.04117}
{-1.540901,-2.979372,0.024298}
{0.697507,-1.746732,0.064757}
{-2.896882,-2.145327,0.313109}
{-2.298779,-2.595089,-0.03622}
{-1.792453,-3.399964,0.023014}
{0.313736,-1.582284,0.115212}
{-2.937366,-2.458184,0.266275}
{-2.388844,-2.812852,-0.046782}
{-2.08719,-3.905746,0.021377}
{-0.061021,-1.614756,0.144726}
{-1.969518,-2.107471,0.140977}
{-2.490126,-3.074204,-0.056151}
{-1.492079,-3.00722,0.021569}
{-0.362059,-1.742859,0.157409}
{-1.709621,-2.27819,0.079382}
{-2.56217,-3.383226,-0.060964}
{-0.33081,-2.999352,-0.078256}
{-0.617256,-1.909183,0.17986}
{-2.505367,-2.884157,0.051761}
{-2.614732,-3.720016,-0.044651}
{-0.17966,-3.392969,-0.028674}
{-0.843535,-2.127365,0.220201}
{-1.764052,-2.520443,0.048157}
{-2.626903,-4.144525,-0.009745}
{-0.335889,-2.984398,-0.101152}
{-1.036262,-2.350972,0.241621}
{-1.60508,-2.585395,0.035056}
{-2.544421,-4.678519,0.010633}
{-0.36194,-2.981226,-0.125589}
{-1.217278,-2.570308,0.227546}
{-1.791725,-2.75612,0.032842}
{-2.419257,-5.243213,0.016216}
{-0.214989,-3.396229,-0.102221}
{-1.307753,-2.640161,0.149245}
{-1.978959,-3.078996,0.019924}
{-1.925525,-5.791295,-0.07924}
{-0.35278,-3.028091,-0.12817}
{-1.259401,-2.511942,0.062175}
{-0.551902,-0.458293,0.076416}
{-1.646345,-6.57655,-0.149642}
{-0.242736,-3.121693,-0.12162}
{-1.077739,-2.323098,0.04786}
{-0.518902,-0.30209,0.055796}
{-0.804831,-6.992773,-0.393144}
{-0.316786,-2.838857,-0.146068}
{-1.386377,-2.733492,0.026535}
{-0.4679,-0.133539,0.071359}
{0.157015,-6.335271,-0.585587}
{-0.12922,-3.011387,-0.12747}
{-1.249407,-2.538115,0.026351}
{-0.684021,0.462023,0.028461}
{0.002363,-3.104958,-0.115448}
{0.649155,-5.911873,-0.715695}
{-1.44281,-2.921422,0.018493}
{-0.594806,-0.172591,0.058767}
{1.383793,-5.832999,-0.902555}
{-0.041511,-2.91969,-0.143436}
{-1.397525,-2.891314,0.015909}
{-0.623579,0.384611,0.08384}
{3.246808,-5.480993,-1.188552}
{0.155039,-3.154581,-0.109246}
{-1.158725,-1.672446,-0.053896}
{-0.494128,0.356234,0.074381}
{4.47266,-3.504374,-0.895358}
{-0.253198,-2.795334,-0.138067}
{-1.133971,-1.668249,-0.058072}
{-0.702178,1.085041,0.075438}
{-0.066193,-2.859396,-0.12871}
{3.819356,-2.276872,-0.393844}
{-1.14825,-1.672071,-0.057199}
{-0.372462,0.664943,0.103333}
{-0.173445,-2.770045,-0.137099}
{3.086937,-1.74279,-0.153866}
{-1.149691,-1.523242,-0.074948}
{-0.468336,0.791945,0.099788}
{-0.080895,-2.777788,-0.142888}
{2.20132,-1.675262,-0.018524}
{-0.650241,1.83656,0.122553}
{0.088813,-2.825366,-0.143195}
{-0.630929,2.00371,0.137058}
{-0.51039,1.978034,0.160922}
{-0.08637,-2.734591,-0.134881}
{1.86474,-1.56483,0.057602}
{-0.365469,1.839074,0.185443}
{0.380393,-2.846546,-0.115413}
{-0.153846,1.510009,0.240612}
{0.025202,0.964119,0.215896}
{0.036269,-2.801704,-0.102785}
{0.142583,0.159205,-0.028378}
{0.233024,-2.848235,-0.093564}
{0.654377,-0.556301,-1.016561}
{1.441853,-1.683406,0.11392}
{0.416546,-2.876626,-0.091766}
{0.379806,-0.012415,-0.248003}
{1.104589,-1.828658,0.145026}
{0.123898,-0.297511,-0.174806}
{-0.029582,-2.820457,-0.074192}
{0.806118,-1.999019,0.160515}
{0.015571,-0.304078,-0.097739}
{0.498818,-2.165479,0.160288}
{0.498108,-3.032681,-0.033243}
{0.003743,-0.161528,0.007586}
{-1.256839,-1.341149,-0.08861}
{-0.20832,-2.926633,-0.027881}
{0.042597,-0.371503,0.034565}
{-1.316582,-1.324407,-0.086437}
{0.074818,-0.570007,0.04662}
{-1.502371,-1.234025,-0.125733}
{0.130273,-3.239032,-0.004497}
{0.098148,-0.714226,0.046749}
{-1.805712,-1.05811,-0.172254}
{0.038572,-3.239649,0.002239}
{-1.920665,-0.725858,-0.281112}
{0.126951,-0.985034,0.043209}
{-0.296736,-3.259062,0.011658}
{-1.909466,-0.505843,-0.269536}
{0.069313,-0.689636,0.020143}
{-1.736253,-0.2375,-0.222129}
{0.174536,-1.625529,0.002903}
{-0.100739,-3.709826,0.048073}
{-1.62251,0.073856,-0.220614}
{0.167808,-1.864371,-0.036485}
{-0.703244,-3.207282,0.034629}
{-1.497399,0.417618,-0.244944}
{0.160563,-1.986437,-0.073427}
{-0.548326,-4.105301,0.063709}
{-1.271587,0.853674,-0.266359}
{0.11519,-2.060458,-0.140203}
{-0.724272,-3.778805,0.055381}
{-0.977471,1.293513,-0.20426}
{0.026988,-1.574145,-0.209371}
{-0.578166,1.699173,-0.088023}
{0.011145,-1.509127,-0.34266}
{-1.001642,-3.901701,0.07427}
{-0.071111,1.988847,0.053806}
{0.091039,-0.905204,-0.418793}
{-1.144066,-4.498564,0.111319}
{0.527661,2.029952,0.168401}
{-1.346039,-0.870505,-1.073884}
{1.141713,1.774397,0.265992}
{-2.549581,-0.530656,-0.098628}
{-1.303853,-3.389358,0.069331}
{1.579288,1.429458,0.341175}
{-2.665535,-0.68553,0.058515}
{-1.676933,-4.538532,0.111453}
{-2.730172,-0.962771,0.162488}
{1.821487,0.988002,0.494159}
{-1.628278,-3.901297,0.088478}
{-2.755274,-1.292123,0.238906}
{1.680244,0.686248,0.650544}
{-2.755232,-1.678073,0.307397}
{0.452812,0.167663,0.264016}
{-1.940112,-3.989695,0.101069}
{0.253608,-2.286908,0.152459}
{-2.769494,-2.076158,0.323337}
{-5.493762,-0.007404,-0.439019}
{-1.857014,-3.586956,0.086968}
{0.018444,-2.412297,0.142163}
{-2.824206,-2.3799,0.275245}
{-3.995878,-0.622255,0.191335}
{-1.702952,-3.228611,0.07209}
{-2.674397,-2.541358,0.140973}
{-0.175191,-2.523859,0.139329}
{-1.88178,-3.508503,0.077679}
{-1.851777,-2.31507,0.086816}
{-1.919163,-3.415634,0.068816}
{-0.332967,-2.641366,0.143937}
{-2.892931,-1.281463,0.321824}
{-1.704939,-2.316344,0.070432}
{-2.330585,-3.890615,0.07614}
{-0.460959,-2.7735,0.158275}
{-1.963264,-1.947181,0.395535}
{-1.855465,-2.563135,0.044391}
{-2.289226,-3.776025,0.072979}
{-0.570653,-2.913716,0.18728}
{-1.187769,-2.380706,0.397414}
{-2.047855,-2.903385,0.035817}
{-1.981553,-3.308343,0.056202}
{-0.678141,-3.065698,0.228844}
{-0.600653,-2.597383,0.33057}
{-1.958104,-2.887992,0.031813}
{-2.081661,-3.505219,0.050553}
{-0.791463,-3.240128,0.266825}
{-0.128954,-2.682799,0.242805}
{-1.727649,-2.819651,0.022364}
{-1.726242,-3.069071,0.039994}
{-0.923941,-3.36784,0.240479}
{0.156882,-2.667897,0.176258}
{-0.810005,-0.3043,0.062736}
{-1.832388,-3.267251,0.038369}
{-0.985082,-3.375936,0.138867}
{0.358491,-2.593643,0.128409}
{-0.799195,-0.299618,0.060986}
{-1.9456,-3.476066,0.035863}
{-0.849639,-2.554463,0.049652}
{0.501556,-2.402532,0.099455}
{-0.765405,-0.259354,0.06424}
{-1.794103,-3.306245,0.028847}
{-1.034306,-3.083858,0.01978}
{0.470106,-2.161715,0.098738}
{-0.658896,-0.221865,0.050613}
{-1.733803,-3.22509,0.028021}
{-1.013973,-2.947821,0.016539}
{0.300352,-1.967059,0.113294}
{-0.707299,-0.088762,0.063245}
{-1.535548,-2.995127,0.024731}
{-0.979394,-2.68046,0.017306}
{0.071384,-1.885411,0.123592}
{-0.895558,0.588431,0.104926}
{-1.917601,-3.632385,0.023468}
{-1.079319,-2.992879,0.014506}
{-0.177934,-1.894766,0.13527}
{-0.501506,0.257455,0.072426}
{-0.117225,-2.946757,-0.048556}
{-1.185443,-3.269636,0.009417}
{-0.431571,-1.974924,0.149678}
{-0.81888,0.500584,0.082789}
{-0.116047,-3.061846,-0.055114}
{-1.11621,-3.001159,0.01156}
{-0.639141,-2.091959,0.172589}
{-1.076186,1.074201,0.092447}
{-0.14462,-2.702779,-0.095306}
{-1.306876,-2.567751,0.018931}
{-0.838233,-2.265547,0.211865}
{-0.956378,1.360149,0.074538}
{-0.133497,-2.915011,-0.119928}
{-1.213484,-2.503296,0.007461}
{-1.003134,-2.477752,0.237954}
{-0.906726,1.589543,0.097762}
{-0.163148,-3.092472,-0.122186}
{-1.375123,-2.522604,0.020364}
{-1.164586,-2.669001,0.22478}
{-0.869844,1.766713,0.103007}
{-0.14962,-3.007888,-0.137685}
{-1.238234,-2.556854,0.002}
{-1.244835,-2.708874,0.14456}
{-0.696692,1.76573,0.141096}
{-0.091416,-3.039055,-0.147424}
{-1.523451,-2.587017,0.011801}
{-1.186587,-2.568507,0.059379}
{-0.430491,1.647681,0.205275}
{0.126256,-3.398865,-0.098717}
{-0.151823,1.328473,0.276056}
{-0.251324,-2.840489,-0.152136}
{-1.348285,-2.605532,0.000096}
{0.279682,0.831067,0.28857}
{0.288998,0.11218,0.007645}
{-0.020428,-2.99103,-0.137232}
{-1.282436,-2.610219,-0.003542}
{1.787527,0.027555,-0.949176}
{-0.129128,-2.826307,-0.157643}
{-1.292274,-2.652038,-0.009125}
{1.673869,-0.34747,-0.7519}
{-0.021859,-2.859254,-0.165452}
{0.681912,-0.867801,-0.347582}
{-1.082409,-2.34708,0.047079}
{-1.484514,-2.584808,-0.038067}
{0.181325,-2.979633,-0.163354}
{0.178852,-1.24879,-0.108397}
{-1.160969,-2.501736,0.040358}
{-2.06531,-2.611298,-0.131106}
{0.148741,-2.852157,-0.173455}
{-0.016061,-1.60207,0.10427}
{-1.16559,-2.529157,0.028087}
{-2.085462,-2.528655,-0.016833}
{0.55277,-3.060188,-0.163817}
{0.110766,-1.888206,0.261341}
{-1.157808,-2.550414,0.02202}
{-2.099715,-2.613803,0.018071}
{-0.201678,-2.744434,-0.140475}
{0.273153,-2.500422,0.350653}
{-1.134138,-2.514791,0.019801}
{-2.14007,-2.791662,0.016922}
{0.502851,-2.925023,-0.15802}
{0.424299,-3.297508,0.42702}
{-1.350574,-1.762404,-0.024662}
{-2.175678,-2.965695,0.005942}
{0.148364,-2.787175,-0.15311}
{0.474895,-4.148023,0.425341}
{-1.193773,-1.672133,-0.055242}
{-2.197632,-3.180175,-0.007128}
{0.292675,-2.795447,-0.137106}
{0.486767,-4.985334,0.405345}
{-1.579259,-1.67266,-0.038668}
{-2.194707,-3.431746,-0.017373}
{0.180785,-2.776709,-0.129269}
{0.45008,-5.742749,0.381333}
{-1.230881,-1.658253,-0.068463}
{-2.158794,-3.709382,-0.0181}
{0.064056,-2.769602,-0.11201}
{0.374319,-6.375126,0.316283}
{-1.648181,-1.43598,-0.049828}
{-2.049453,-4.065522,0.000566}
{-0.050976,-2.788134,-0.085897}
{0.149601,-6.919429,0.255293}
{-1.371975,-1.359206,-0.081154}
{-1.863668,-4.462805,0.023791}
{-0.154732,-2.770124,-0.083904}
{-0.176293,-7.080941,0.132265}
{-0.146384,-2.77394,-0.082946}
{-1.57777,-4.902676,0.040807}
{-1.56361,-1.277976,-0.124798}
{-0.757765,-6.793885,0.007426}
{-0.145187,-2.865262,-0.049144}
{-1.159637,-5.330683,0.024017}
{-1.848177,-1.063649,-0.186159}
{-1.612899,-5.568686,-0.086551}
{-0.236843,-2.999312,-0.016161}
{-0.710208,-5.688994,0.032808}
{-1.946034,-0.845359,-0.26858}
{-1.840783,-3.50289,-0.170176}
{-0.275384,-3.057044,-0.002178}
{-0.148039,-5.905281,-0.008171}
{-1.894058,-0.665911,-0.256174}
{-2.274128,-1.76898,-0.029968}
{-0.315072,-3.121123,0.006733}
{0.345102,-5.976026,-0.029866}
{-1.824794,-0.332319,-0.23755}
{-2.741961,-1.032679,0.165069}
{-0.343034,-3.113808,0.006483}
{0.764635,-5.876172,-0.099842}
{-1.697585,-0.011324,-0.243494}
{-2.724919,-0.933381,0.206516}
{-0.601296,-3.14227,0.015916}
{1.224773,-5.670625,-0.243821}
{-1.576616,0.359095,-0.288329}
{-2.684041,-1.058624,0.243558}
{2.299606,-5.192928,-0.36925}
{-1.386097,0.802776,-0.326607}
{-0.867359,-3.328991,0.042278}
{-2.688664,-1.340816,0.299481}
{3.151596,-3.85961,-0.332228}
{-1.10539,1.307153,-0.282351}
{-0.905118,-3.309004,0.040772}
{-2.674385,-1.682302,0.342537}
{3.132365,-2.908905,-0.149966}
{-0.760068,1.756814,-0.201799}
{-0.933603,-3.435211,0.048273}
{-2.653619,-2.02553,0.335986}
{2.703171,-2.410768,-0.000205}
{-1.076723,-3.603053,0.063015}
{-0.279608,2.138472,-0.038899}
{-2.737828,-2.319508,0.285821}
{2.002984,-2.19667,0.082757}
{-1.407267,-3.853891,0.079564}
{0.322182,2.278281,0.154717}
{-1.727932,-2.169892,0.094543}
{1.721417,-2.064616,0.138977}
{-1.665015,-4.075014,0.092676}
{0.912812,2.123724,0.270525}
{-1.92157,-2.333022,0.088265}
{1.344792,-2.090396,0.178347}
{-1.560414,-3.402034,0.066541}
{1.377188,1.833475,0.293357}
{-2.163712,-2.658051,0.053676}
{1.02318,-2.171283,0.202209}
{-2.228128,-4.545543,0.123767}
{1.567264,1.395769,0.413292}
{-1.985652,-2.630072,0.042324}
{-1.921164,-3.724538,0.092571}
{-1.647945,-2.525076,0.039435}
{0.718685,-2.267586,0.211259}
{-2.435038,-4.124393,0.107476}
{-1.607409,-2.54513,0.033866}
{-2.485997,-4.06541,0.105645}
{-1.599517,-2.696359,0.021946}
{-2.211234,-3.481105,0.083671}
{-0.875929,-0.528804,0.04488}
{-2.119612,-3.355176,0.073943}
{-0.874153,-0.55733,0.042497}
{-1.769392,-2.973631,0.056324}
{-1.018758,-0.372793,0.044933}
{-2.012455,-3.317222,0.058943}
{-0.987006,-0.134412,0.052802}
{0.410535,-2.372967,0.209981}
{-1.964645,-3.297415,0.050728}
{-0.92974,-0.134128,0.054317}
{-2.178377,-3.597804,0.044198}
{0.175833,-2.459636,0.201028}
{-0.789505,-0.20137,0.050461}
{-2.200534,-3.602425,0.044485}
{-0.777744,0.000078,0.048057}
{-0.04796,-2.556234,0.187854}
{-1.849092,-3.199454,0.035057}
{-1.271057,0.717155,0.080859}
{-0.22782,-2.652888,0.181137}
{-1.610753,-2.963801,0.032492}
{-1.39917,0.888266,0.085183}
{-0.374895,-2.754534,0.181199}
{-1.620218,-2.97789,0.032546}
{-1.402754,1.031496,0.033986}
{-1.787584,-3.289981,0.029074}
{-0.486276,-2.871887,0.189292}
{-1.151071,1.215275,0.039674}
{-1.849944,-3.477941,0.024942}
{-1.079127,1.454942,0.055813}
{-0.580961,-3.003268,0.214401}
{0.18205,-3.179061,0.034761}
{-0.846168,1.49847,0.133898}
{-0.018587,-2.895952,-0.048322}
{-0.670183,-3.151742,0.256888}
{-0.542532,1.400202,0.229252}
{-0.027751,-2.979152,-0.064979}
{-0.163087,1.140561,0.325717}
{-0.754901,-3.289932,0.289886}
{-0.038458,-3.093461,-0.086616}
{0.317134,0.683944,0.345857}
{-0.920385,-3.53679,0.238963}
{-0.075642,-2.896351,-0.115968}
{0.334623,0.110977,0.035523}
{0.090026,-3.377023,-0.104568}
{-0.812028,-2.526223,0.045736}
{2.328607,0.287336,-0.844236}
{0.01468,-3.164536,-0.142779}
{2.228494,0.662379,-0.562312}
{-0.922709,-2.910692,0.026674}
{-0.129889,-2.808216,-0.186351}
{1.097475,0.28793,-0.234064}
{-0.970728,-2.89472,0.01526}
{0.111975,-3.034148,-0.172387}
{0.287045,0.10161,-0.143138}
{0.111579,-2.884293,-0.193288}
{-0.956489,-2.748372,0.018121}
{-0.072994,-0.314134,-0.080673}
{0.548003,-3.314617,-0.168356}
{-1.192359,-3.519219,0.012614}
{-0.005835,-0.38993,-0.026398}
{-0.137704,-2.777855,-0.167934}
{0.310123,-0.829744,0.180114}
{-1.002479,-2.757698,0.015572}
{0.379941,-3.047829,-0.179318}
{0.571854,-1.569793,0.374935}
{-1.096145,-3.011432,0.012106}
{0.140105,-2.840285,-0.189151}
{0.672861,-2.609236,0.509939}
{0.138696,-2.80492,-0.188226}
{-1.077447,-2.872953,0.012802}
{0.627498,-3.621504,0.504731}
{0.003966,-2.727036,-0.185233}
{-1.3437,-2.651227,0.028377}
{0.540065,-4.448365,0.495881}
{0.133508,-2.786792,-0.159454}
{0.400967,-5.248565,0.491916}
{0.280979,-2.855602,-0.14188}
{-1.239466,-2.626348,0.018111}
{0.124133,-5.945008,0.432772}
{0.237137,-2.814269,-0.130502}
{-0.445891,-6.468772,0.321396}
{-1.308871,-2.644279,0.016988}
{0.554346,-2.931166,-0.106073}
{-1.413342,-6.526952,0.163111}
{-1.394178,-2.667689,0.020324}
{1.485672,0.968248,0.54292}
{0.087901,-2.625545,-0.124892}
{-3.06522,-5.684184,0.067102}
{-1.434876,-2.63429,0.012805}
{0.428913,0.24795,0.206551}
{0.712935,-3.031263,-0.057631}
{-3.681896,-3.710126,0.071241}
{-1.361846,-2.689645,0.006906}
{-5.283214,0.362084,-0.469253}
{0.029752,-2.825044,-0.0786}
{-3.627117,-2.115339,0.124198}
{-1.610974,-2.673409,0.014877}
{-4.057063,-0.005591,0.181537}
{0.636821,-3.111341,-0.00697}
{-3.370452,-1.258776,0.185592}
{-1.357553,-2.664211,-0.003528}
{-2.951675,-0.554176,0.295597}
{0.349033,-2.902446,-0.035556}
{-3.011878,-1.005783,0.23055}
{-1.870126,-2.829232,-0.010744}
{-1.965027,-1.186151,0.355955}
{0.357011,-3.146091,-0.003267}
{-2.797861,-1.079038,0.277808}
{-2.094328,-2.979147,-0.00905}
{-1.411073,-1.651528,0.402273}
{0.265213,-3.315007,0.027023}
{-2.680218,-1.341338,0.332817}
{-2.096463,-3.068685,0.078239}
{-0.830337,-2.019846,0.370995}
{-0.174992,-3.300166,0.029242}
{-2.643196,-1.696977,0.375927}
{-2.097095,-3.198181,0.077125}
{-0.379101,-2.249346,0.296979}
{0.225818,-3.804046,0.090469}
{-2.656117,-2.067297,0.364414}
{-2.108729,-3.302534,0.072638}
{-0.046606,-2.334262,0.217892}
{-0.329182,-3.155845,-0.012055}
{-2.666617,-2.288621,0.287031}
{-2.124281,-3.473257,0.067299}
{0.160151,-2.344048,0.182337}
{-0.233542,-4.403868,0.117307}
{-2.518163,-2.441365,0.149651}
{-2.11262,-3.622463,0.054458}
{0.296982,-2.289899,0.157857}
{-0.817507,-3.445754,0.050965}
{-1.961708,-2.329361,0.086339}
{-2.028367,-3.786386,0.052118}
{0.274913,-2.160798,0.140607}
{-0.925119,-4.678819,0.131412}
{-1.510105,-2.299337,0.050348}
{-1.915057,-3.982642,0.052056}
{0.166527,-2.075465,0.137675}
{-1.037189,-3.92089,0.071123}
{-1.798735,-2.55039,0.034734}
{-1.853018,-4.187141,0.051216}
{-0.022421,-2.034027,0.137953}
{-1.551344,-4.533828,0.109403}
{-1.723459,-2.622379,0.034258}
{-1.683806,-4.460128,0.073347}
{-0.248662,-2.054546,0.144325}
{-1.646912,-4.314374,0.103576}
{-2.10982,-3.053331,0.021221}
{-1.397672,-4.720377,0.098395}
{-0.467858,-2.12485,0.161542}
{-1.96534,-4.07181,0.095573}
{-1.457714,-2.559856,0.022337}
{-1.02167,-4.973657,0.13268}
{-0.672097,-2.237891,0.189364}
{-1.836221,-3.760683,0.083886}
{-1.027843,-0.759875,0.033357}
{-0.573215,-5.177411,0.173566}
{-0.847675,-2.394715,0.224989}
{-1.926497,-3.35898,0.074068}
{-0.891666,-0.776533,0.033801}
{-0.037812,-5.320819,0.215243}
{-0.990109,-2.557982,0.233614}
{-2.109422,-3.347861,0.080723}
{-0.864076,-0.693445,0.036498}
{0.51605,-5.361934,0.270332}
{-1.140319,-2.758385,0.218206}
{-2.049021,-3.243081,0.076904}
{-0.988807,-0.468473,0.031486}
{-2.579017,-3.820232,0.099371}
{-1.10703,-0.202384,0.044741}
{0.901755,-5.336994,0.213481}
{-2.164711,-3.363397,0.076808}
{-1.33206,-0.072311,0.039947}
{1.485224,-5.498701,0.206253}
{-2.524456,-3.726193,0.083764}
{-1.070646,-0.359103,0.000584}
{-2.386809,-3.525165,0.079188}
{2.243546,-5.121762,0.144722}
{-1.32853,0.217688,0.019382}
{-2.200638,-3.370396,0.062978}
{-1.58921,0.660171,0.052851}
{-1.213432,-2.784797,0.136007}
{2.27246,-4.243934,0.022483}
{-1.817456,-2.995471,0.047678}
{-1.548908,0.771818,0.012082}
{-1.151463,-2.559927,0.069196}
{2.121304,-3.490096,-0.034101}
{-1.815495,-3.046856,0.042194}
{-1.434327,0.883088,-0.001295}
{-1.087248,-2.38992,0.045615}
{-2.322365,-3.742044,0.039517}
{2.153816,-2.934897,0.024139}
{-1.262277,1.02639,0.028147}
{-1.387651,-2.959175,0.019486}
{-1.646431,-2.98005,0.032873}
{1.817589,-2.655044,0.162395}
{-1.005816,1.121159,0.136455}
{-1.12414,-2.551314,0.027379}
{-1.576627,-2.912787,0.032171}
{1.379929,-2.490965,0.216288}
{-0.673579,1.072529,0.275146}
{-1.390244,-3.046216,0.017681}
{-1.953903,-3.509918,0.030871}
{1.126393,-2.457413,0.256348}
{-0.301971,0.885005,0.372333}
{-1.302761,-2.852235,0.017105}
{-1.473522,-2.852046,0.02571}
{0.836226,-2.482818,0.274457}
{0.270814,0.545116,0.414145}
{-0.009208,-2.660907,-0.022434}
{-1.336898,-1.836381,-0.024185}
{0.550679,-2.54336,0.278507}
{0.221257,0.112484,0.115193}
{-0.025451,-2.742237,-0.067677}
{-1.186764,-1.753537,-0.05486}
{0.285911,-2.612778,0.270123}
{2.279699,0.431628,-0.590165}
{0.200623,-2.933944,-0.018206}
{-1.322253,-1.661808,-0.060887}
{0.042233,-2.686393,0.253871}
{2.423183,0.828745,-0.403291}
{0.029409,-2.682286,-0.092278}
{-1.247787,-1.658911,-0.067061}
{-0.207369,-2.762738,0.224823}
{1.186543,0.620237,-0.13898}
{0.511616,-3.371629,0.009442}
{-1.174234,-1.655917,-0.073166}
{-0.345483,-2.868357,0.213955}
{0.429576,0.55873,-0.180485}
{0.018411,-2.660574,-0.136801}
{-1.279789,-1.508564,-0.080904}
{-0.45796,-3.000689,0.214731}
{0.036494,0.501455,-0.309895}
{0.287563,-3.201922,-0.147783}
{-1.510551,-1.363993,-0.112901}
{-0.544242,-3.087714,0.212699}
{0.125147,0.512057,-0.372341}
{0.153723,-3.108917,-0.164035}
{-1.924684,-1.196392,-0.158321}
{-0.621527,-3.196895,0.215522}
{0.440967,0.363297,-0.233958}
{0.306904,-3.125262,-0.182724}
{-1.95662,-0.901037,-0.255777}
{-0.682217,-3.297773,0.235703}
{0.81005,-0.209137,0.169839}
{0.220524,-2.974682,-0.195632}
{-1.943235,-0.723973,-0.245857}
{-0.759721,-3.442725,0.241105}
{0.965632,-1.14642,0.514537}
{0.086314,-2.765653,-0.21428}
{-1.849384,-0.436277,-0.231185}
{-0.856896,-3.57809,0.206173}
{0.905271,-2.26521,0.608739}
{0.24964,-2.870763,-0.203573}
{-0.952167,-3.404035,0.022773}
{-1.706749,-0.110163,-0.251285}
{0.706111,-3.235842,0.593597}
{0.358963,-2.897373,-0.192648}
{-0.882327,-2.691982,0.019475}
{-1.580742,0.267099,-0.316131}
{0.641815,-3.999251,0.56923}
{0.662164,-3.128284,-0.171599}
{-1.034976,-3.284517,0.005921}
{-1.396947,0.716603,-0.363417}
{0.476853,-4.904286,0.43279}
{0.193634,-2.821628,-0.184901}
{-0.966415,-2.7897,0.017644}
{-1.130968,1.246864,-0.360216}
{-0.035685,-5.588252,0.211036}
{0.98552,-3.22589,-0.142094}
{-1.00889,-2.901157,0.017046}
{-0.803668,1.730478,-0.302759}
{-1.116937,-6.13042,-0.101453}
{0.220761,-2.559149,-0.181038}
{-1.03775,-2.865297,0.014185}
{-0.361176,2.155694,-0.145773}
{-3.915605,-5.494281,-0.415997}
{0.870521,-3.079603,-0.129871}
{-1.1342,-3.189342,0.011192}
{0.131786,2.366939,0.105022}
{-5.056585,-3.587804,-0.32421}
{0.110273,-2.710727,-0.150555}
{-1.034924,-2.7793,0.01313}
{0.676107,2.241358,0.258497}
{-4.533744,-2.008349,-0.071716}
{0.643224,-2.878974,-0.101242}
{-1.154734,-2.65668,0.016691}
{1.144713,2.004814,0.264748}
{-3.869543,-1.24152,0.060097}
{0.332771,-2.687556,-0.118018}
{-1.337991,-2.804907,0.026542}
{1.398925,1.606706,0.353487}
{-3.240924,-0.955548,0.170856}
{0.4647,-2.78953,-0.096366}
{-2.800744,-1.03462,0.262563}
{0.37281,-2.775391,-0.083637}
{-2.594529,-1.307277,0.325712}
{0.274189,-2.808389,-0.056645}
{-2.507173,-1.71002,0.367733}
{0.209357,-2.817218,-0.049303}
{-2.598241,-2.10055,0.347122}
{0.135494,-2.864215,-0.044425}
{-1.254186,-2.734459,0.021779}
{-2.624766,-2.318181,0.255314}
{0.077396,-2.891537,-0.039226}
{-1.287161,-2.731067,0.022325}
{-2.251196,-2.271805,0.151708}
{1.3853,1.12766,0.455467}
{-0.090964,-3.059738,-0.014503}
{-1.30781,-2.761122,0.01951}
{-1.966508,-2.338053,0.073088}
{0.455024,0.242894,0.158108}
{-0.208229,-3.195033,0.000254}
{-1.586791,-2.897335,0.035678}
{-1.771578,-2.448152,0.039673}
{-5.18135,0.605389,-0.545041}
{-0.318707,-3.292538,0.002113}
{-1.256195,-2.70506,0.005709}
{-2.088022,-2.717973,0.027738}
{-4.029786,0.355298,0.137168}
{-0.31909,-3.394514,0.012579}
{-1.620717,-2.933354,0.0426}
{-1.582492,-2.50573,0.03383}
{-2.962315,-0.039298,0.264616}
{-0.72367,-3.320397,0.010544}
{-1.369328,-2.726903,0.014017}
{-1.561247,-2.617514,0.023342}
{-0.985407,-3.963012,0.063823}
{-1.977147,-0.652514,0.307731}
{-1.422041,-2.511691,0.023778}
{-1.467764,-1.043565,0.352551}
{-1.01648,-3.475311,0.020851}
{-1.879937,-3.260626,0.013902}
{-1.383706,-0.717596,0.031587}
{-0.986661,-1.53508,0.382358}
{-1.433839,-4.398446,0.084502}
{-1.290683,-2.84282,0.041418}
{-0.891936,-0.776499,0.0338}
{-0.576187,-1.86369,0.323131}
{-1.570084,-3.807652,0.071105}
{-1.951226,-3.488243,0.043165}
{-1.411156,-0.622942,0.016022}
{-0.275507,-2.077821,0.237466}
{-2.38677,-4.808648,0.120872}
{-1.892034,-3.484077,0.069153}
{-1.155272,-0.720918,0.004004}
{-0.069478,-2.171724,0.201767}
{-2.153896,-3.998641,0.073831}
{-1.988564,-3.735363,0.065439}
{-1.130086,-0.635347,-0.004324}
{0.038445,-2.195242,0.175342}
{-2.823558,-4.344131,0.083768}
{-1.989434,-3.948427,0.067059}
{-0.922304,-0.681436,-0.015272}
{0.038431,-2.190805,0.146645}
{-2.636465,-3.989496,0.089784}
{-1.944052,-4.077078,0.071193}
{-1.185001,-0.347682,-0.005735}
{-0.044188,-2.152256,0.139536}
{-2.808701,-3.744525,0.093173}
{-1.865603,-4.277866,0.078119}
{-1.411432,-0.049345,-0.003447}
{-0.181818,-2.157317,0.139198}
{-2.748371,-3.643214,0.090666}
{-1.818636,-4.548324,0.065507}
{-1.694234,0.322588,-0.026846}
{-0.364121,-2.20329,0.149742}
{-2.317149,-3.21547,0.077766}
{-1.63786,-4.766064,0.076144}
{-1.555918,0.43836,-0.02669}
{-0.554389,-2.292331,0.173082}
{-1.888539,-2.861094,0.065994}
{-1.378549,-4.931906,0.081318}
{-1.522361,0.563328,-0.020234}
{-0.741356,-2.436592,0.20469}
{-2.071128,-3.096289,0.068263}
{-1.074762,-5.079776,0.116251}
{-1.455305,0.766374,-0.008956}
{-0.899413,-2.580599,0.231848}
{-2.393356,-3.49403,0.072399}
{-0.682837,-5.206041,0.144207}
{-1.211062,0.909091,0.141265}
{-0.993302,-2.699778,0.234049}
{-1.766503,-2.930615,0.046358}
{-0.228924,-5.152664,0.201997}
{-0.920556,0.883609,0.295197}
{-1.105495,-2.842375,0.21355}
{-2.428636,-3.614168,0.060961}
{0.204764,-5.273987,0.244347}
{-0.545623,0.719267,0.408781}
{-1.167786,-2.855698,0.128817}
{-1.767211,-2.943902,0.044707}
{0.720678,-5.284713,0.286585}
{0.026685,0.451485,0.498579}
{-1.073978,-2.576805,0.066902}
{-2.203869,-3.594655,0.035432}
{1.221736,-5.275892,0.273826}
{0.207247,0.100863,0.157698}
{-1.060511,-2.474606,0.043243}
{-1.922971,-3.288954,0.032455}
{1.862806,-4.967545,0.257423}
{2.648553,0.561359,-0.559447}
{-1.07777,-2.492167,0.028555}
{-1.719199,-3.119024,0.027722}
{1.859886,-4.345344,0.123671}
{2.588424,0.976922,-0.322547}
{-1.883515,-3.365299,0.025805}
{-1.1024,-2.517666,0.02803}
{1.702779,-3.892077,0.022562}
{1.436525,0.831273,-0.140956}
{0.235589,-2.427744,0.054259}
{-1.186395,-2.67969,0.024851}
{1.58659,-3.388831,0.034005}
{0.593542,0.841601,-0.216896}
{0.121539,-2.281988,-0.026851}
{-1.258974,-2.822903,0.01763}
{1.342226,-3.101743,0.171148}
{0.006816,0.713701,-0.241636}
{0.351294,-2.706712,0.017545}
{-1.192845,-1.939699,-0.035912}
{1.117787,-2.897405,0.240282}
{0.071136,1.046965,-0.256729}
{0.442891,-2.671445,0.002979}
{-1.178062,-1.886662,-0.052334}
{0.834744,-2.876283,0.271972}
{0.230564,-2.515482,-0.068916}
{0.596768,-2.818127,0.286946}
{-1.408055,-1.735899,-0.054007}
{0.337075,-2.912493,0.278501}
{0.487731,-2.69531,-0.035799}
{-1.293198,-1.692736,-0.06383}
{0.097261,-2.903972,0.264279}
{0.301554,-2.643607,-0.127006}
{-1.568013,-1.555506,-0.046228}
{-0.105831,-3.069372,0.243907}
{0.27866,-2.650703,-0.160368}
{-1.51845,-1.543224,-0.057836}
{-0.257355,-3.020291,0.21715}
{0.446083,-2.944652,-0.196978}
{-1.531464,-1.470257,-0.102082}
{-0.397906,-3.155295,0.182728}
{0.801022,-3.233986,-0.17835}
{-1.511861,-1.375986,-0.108789}
{-0.492246,-3.210423,0.165893}
{0.414578,-2.992987,-0.198142}
{-2.004351,-1.006509,-0.216639}
{-0.584112,-3.300534,0.146191}
{0.76928,-3.167494,-0.180052}
{-1.975607,-0.814923,-0.210341}
{-0.650862,-3.377734,0.129294}
{0.594427,-2.929986,-0.191543}
{-1.904932,-0.520933,-0.211273}
{-0.717371,-3.411436,0.103741}
{0.597028,-2.913298,-0.188216}
{-1.740514,-0.187725,-0.242203}
{-0.748727,-2.836213,0.053043}
{0.459597,-2.783431,-0.18912}
{-1.601539,0.197136,-0.319285}
{-0.823251,-3.420523,0.016659}
{0.31394,-2.636826,-0.183102}
{-1.413381,0.67346,-0.381691}
{-0.790919,-2.68196,0.036888}
{0.203206,-2.54212,-0.182151}
{-1.143025,1.226458,-0.400353}
{-0.949879,-2.965611,0.00554}
{0.362139,-2.561276,-0.16104}
{-0.823224,1.763415,-0.365341}
{-0.94583,-2.894553,0.008308}
{0.501957,-2.58009,-0.129812}
{-0.427596,2.22301,-0.196819}
{-1.037059,-3.095948,0.013439}
{0.58842,-2.568293,-0.086526}
{0.00521,2.454062,0.067038}
{-1.089628,-3.253462,0.011552}
{0.689651,-2.579305,-0.059066}
{0.468663,2.324642,0.236158}
{-1.003176,-2.781726,0.014525}
{0.78176,-2.615688,-0.049923}
{0.945513,2.087283,0.234955}
{0.879653,-2.642349,-0.024833}
{1.255725,1.731804,0.30145}
{0.793667,-2.57544,-0.003514}
{1.427334,1.179102,0.385366}
{0.953009,-2.754697,0.01456}
{0.552852,0.233603,0.089457}
{0.626358,-2.919221,-0.028405}
{-5.122413,0.751789,-0.703189}
{0.977563,-3.069738,0.006156}
{-1.150311,-3.25006,0.010355}
{-4.057417,0.682764,0.071527}
{0.543803,-2.875385,0.013438}
{-1.154747,-3.190685,0.012438}
{0.785353,-3.504824,-0.00582}
{-2.989233,0.342146,0.218275}
{-1.162734,-2.678531,0.017332}
{-0.00936,-3.437227,-0.041982}
{-1.97805,-0.205173,0.257315}
{-1.398627,-2.883168,0.031444}
{0.313665,-3.942862,-0.055968}
{-1.479533,-0.58146,0.296281}
{-1.206655,-2.749589,0.019604}
{-1.015848,-1.086083,0.335537}
{-0.318484,-3.475741,0.039797}
{-1.425225,-2.975286,0.038015}
{-0.50414,-4.245794,-0.02887}
{-0.678127,-1.559205,0.324815}
{-1.081506,-3.837476,0.006481}
{-0.409865,-1.855741,0.236915}
{-1.244805,-2.838188,0.024791}
{-1.155861,-4.171297,0.004978}
{-0.232026,-2.037584,0.192283}
{-1.621488,-3.75097,0.054248}
{-1.23232,-2.833935,0.023961}
{-0.14221,-2.144243,0.159029}
{-2.009609,-3.733638,0.038598}
{-1.226596,-2.854404,0.029879}
{-0.139745,-2.186614,0.127174}
{-1.990976,-3.447481,0.031082}
{-1.291127,-2.877403,0.033883}
{-0.192516,-2.221863,0.118092}
{-2.030267,-3.485353,0.042081}
{-1.542955,-3.219765,0.067376}
{-0.29725,-2.258149,0.12047}
{-2.271243,-3.21907,0.053396}
{-0.433654,-2.346998,0.13786}
{-1.314951,-2.981872,0.045072}
{-2.736537,-3.441328,0.082619}
{-0.583629,-2.487068,0.172997}
{-2.270121,-2.939812,0.065797}
{-1.34493,-3.00776,0.0328}
{-0.764591,-2.679537,0.210438}
{-3.012401,-3.691568,0.092635}
{-0.934193,-2.885068,0.211703}
{-1.323057,-3.03788,0.046607}
{-1.880058,-2.852519,0.065784}
{-1.004683,-2.796113,0.159578}
{-2.997473,-3.79298,0.088125}
{-1.598831,-3.541885,0.030844}
{-1.110129,-2.920332,0.159755}
{-1.889612,-2.742485,0.077649}
{-1.006352,-2.487178,0.068}
{-2.076633,-3.0481,0.062841}
{-1.25516,-3.167958,0.053}
{-1.125397,-2.736322,0.057269}
{-1.83774,-2.903614,0.053651}
{-1.068055,-2.568253,0.038108}
{-2.445323,-3.645845,0.052731}
{-1.796246,-4.126312,0.01602}
{-1.336843,-3.092054,0.017442}
{-1.803825,-3.040266,0.037293}
{-1.067574,-2.468557,0.028992}
{-1.16075,-3.182877,0.093177}
{-1.282938,-2.975836,0.018778}
{-1.73145,-4.602026,0.019915}
{-1.194029,-2.78634,0.017513}
{-1.096903,-3.472529,0.071707}
{-1.421178,-1.895104,-0.010495}
{-1.229233,-1.969255,-0.042537}
{-1.47567,-4.971862,0.03987}
{-1.491512,-1.836262,-0.042069}
{-1.017341,-4.285144,0.1089}
{-1.359308,-1.784715,-0.055466}
{-1.019269,-5.190875,0.092228}
{-1.351079,-1.661304,-0.064728}
{-0.606064,-3.927633,0.110024}
{-1.259312,-1.585564,-0.084043}
{-0.373599,-5.297502,0.160631}
{-1.496141,-1.53402,-0.086346}
{0.033774,-4.912713,0.210111}
{0.348549,-5.21473,0.234897}
{-1.783717,-1.417571,-0.089198}
{0.167314,-3.812616,0.136573}
{-2.021443,-1.089894,-0.155876}
{-2.044657,-0.943147,-0.16113}
{1.056273,-4.875134,0.239436}
{1.324283,-4.537707,0.204014}
{-2.00939,-0.626083,-0.188862}
{-1.815834,-0.277232,-0.223575}
{1.063254,-4.157845,0.123607}
{-1.662339,0.12322,-0.302108}
{0.582043,-3.588089,0.128769}
{-1.470047,0.624067,-0.360327}
{0.734173,-3.614075,0.196534}
{-1.186336,1.229986,-0.397593}
{0.637964,-3.454362,0.213708}
{-0.849033,1.838003,-0.354288}
{0.128541,-3.206097,0.193222}
{-0.470068,2.331275,-0.161178}
{-0.05418,-3.158366,0.170112}
{-0.100309,2.559132,0.076638}
{0.079999,-3.239598,0.211251}
{-0.063543,-3.346726,0.177861}
{-0.394346,-3.03169,0.103321}
{-0.444003,-3.305545,0.094621}
{-0.473205,-2.893719,0.105891}
{0.341428,2.430569,0.218349}
{-0.556281,-3.355093,0.077504}
{0.82446,2.179313,0.207442}
{-0.66313,-2.937351,0.055107}
{1.187692,1.805623,0.266374}
{-0.685761,-3.196215,0.055965}
{1.498967,1.214618,0.33681}
{-0.721985,-2.846691,0.05168}
{0.639944,0.221457,0.049574}
{0.498267,1.280175,-0.207077}
{-5.03903,0.905762,-0.913691}
{1.02503,1.296239,0.0232}
{-4.020963,0.919606,-0.070883}
{1.362487,0.71636,0.435609}
{-2.980751,0.657662,0.136326}
{-1.93772,0.104953,0.197155}
{1.304066,-0.503313,0.765176}
{-1.42653,-0.22008,0.233157}
{0.681041,-1.233701,0.645893}
{-0.978664,-0.732762,0.276528}
{0.774441,-1.801205,0.808008}
{-0.657435,-1.22983,0.290546}
{0.767041,-2.188919,0.786958}
{-0.791398,-2.849148,0.032634}
{0.253617,-2.513167,0.542798}
{-0.808572,-2.673185,0.028337}
{-0.868322,-3.458253,0.135046}
{-0.893674,-3.09085,0.004687}
{-3.436341,-4.079325,-0.565462}
{-0.915039,-2.833127,0.008671}
{-6.889026,-2.559905,-1.092084}
{-0.963416,-2.96482,0.001937}
{-5.422881,-1.285273,-0.446238}
{-1.033131,-3.069884,0.009822}
{-4.309017,-0.6844,-0.152536}
{-1.006176,-2.910087,0.014227}
{-3.413719,-0.577709,0.039614}
{-1.20812,-3.575393,0.007889}
{-2.829772,-0.768901,0.184829}
{-1.022809,-2.83131,0.013492}
{-2.520394,-1.134578,0.283785}
{-1.176733,-3.270229,0.012353}
{-2.438733,-1.605925,0.323845}
{-1.271931,-2.895597,0.026816}
{-2.300338,-1.9434,0.219207}
{-1.183243,-2.780045,0.020253}
{-2.343068,-2.173847,0.171751}
{-1.366887,-3.038965,0.033546}
{-2.286069,-2.383944,0.113488}
{-1.376337,-2.973222,0.036705}
{-1.800147,-2.291756,0.064571}
{-1.264972,-2.91343,0.027105}
{-1.511152,-2.252775,0.047266}
{-1.381507,-2.986608,0.035906}
{-1.524909,-2.30113,0.043997}
{-1.268571,-2.908342,0.032675}
{-1.417546,-2.398778,0.032664}
{-1.252704,-2.9035,0.034191}
{-1.833605,-2.895686,0.020969}
{-1.369775,-3.09107,0.051581}
{-1.507583,-2.591503,0.023194}
{-1.625539,-3.534322,0.061484}
{-1.001034,-1.126304,-0.006748}
{-1.381862,-3.263125,0.049528}
{-1.597888,-3.694603,0.06656}
{-0.911718,-1.021355,-0.005254}
{-1.297973,-0.812799,-0.0162}
{-1.429378,-3.460813,0.06397}
{-1.14203,-0.936533,-0.031895}
{-0.442032,-1.636448,0.230313}
{-1.446519,-3.650732,0.069898}
{-1.531556,-0.613829,-0.026859}
{-1.399257,-0.534597,-0.017001}
{-1.333997,-3.524864,0.068444}
{-1.332672,-0.533464,-0.043755}
{-1.179048,-3.470496,0.07032}
{-1.395283,-0.502342,-0.058569}
{-1.090985,-3.385804,0.067347}
{-1.883436,-0.005205,-0.131956}
{-1.141019,-3.62146,0.062492}
{-0.304355,-1.901078,0.178652}
{-1.664324,0.055983,-0.127318}
{-1.136211,-3.886948,0.058352}
{-0.241644,-2.069227,0.141464}
{-1.557983,0.253355,-0.07696}
{-0.95781,-4.178608,0.071403}
{-1.567567,0.474698,-0.057836}
{-0.24322,-2.179722,0.107705}
{-0.91173,-4.375056,0.073831}
{-1.412183,0.646303,0.094917}
{-0.620798,-4.524146,0.104131}
{-0.287463,-2.248524,0.097644}
{-1.167372,0.650053,0.251384}
{-0.521732,-4.729211,0.113543}
{-0.878626,0.55619,0.387612}
{-0.321313,0.337003,0.524199}
{0.043935,0.107626,0.209759}
{-0.180349,-4.390719,0.149585}
{2.632763,0.523717,-0.541986}
{-0.046139,-4.771458,0.170629}
{2.741015,0.757455,-0.392925}
{-0.360294,-2.317722,0.097646}
{1.590551,0.597775,-0.254288}
{0.021062,-4.031736,0.155236}
{-0.452691,-2.408015,0.110032}
{0.626569,0.514681,-0.239038}
{-0.561753,-2.527095,0.137812}
{-0.23805,0.301941,-0.064411}
{-0.700163,-2.696371,0.172156}
{-0.516042,0.595956,0.110746}
{-0.87393,-2.902157,0.18747}
{-0.369027,1.078346,0.267251}
{-0.991174,-2.883691,0.135098}
{0.404961,-4.579686,0.202312}
{0.354638,1.559285,0.350344}
{0.321835,-3.536476,0.120728}
{-1.098878,-3.002773,0.122972}
{1.202713,1.73669,0.552087}
{-1.174525,-3.027663,0.097744}
{0.534041,-4.075058,0.160134}
{1.192556,0.731547,0.717716}
{-1.076851,-2.691689,0.052737}
{0.025195,-3.351965,0.131519}
{-6.593829,-0.415915,-1.852067}
{-1.024085,-2.511235,0.040785}
{-4.984712,0.004888,-0.831263}
{-1.036104,-2.505965,0.038993}
{-3.975815,-0.059834,-0.381685}
{-1.067126,-2.535178,0.026927}
{-3.139112,-0.220866,-0.120033}
{0.272668,-3.661196,0.166428}
{-1.296651,-3.047926,0.01464}
{-2.564731,-0.540213,0.078552}
{-0.017325,-3.015385,0.150469}
{-1.125484,-2.699622,0.017942}
{-2.25457,-0.940612,0.206874}
{0.020887,-3.352083,0.164349}
{-1.275614,-1.952892,-0.034468}
{-2.156184,-1.358352,0.250953}
{-1.223035,-1.971649,-0.043572}
{-0.289723,-2.977607,0.114722}
{-2.081997,-1.832136,0.176379}
{-1.258604,-1.959711,-0.045281}
{-0.217219,-3.125016,0.130174}
{-2.134625,-2.151522,0.147731}
{-1.375591,-1.838636,-0.04927}
{-1.637821,-2.128515,0.071208}
{-1.492907,-1.752286,-0.035517}
{-1.857174,-2.357782,0.066213}
{-1.627899,-1.590462,-0.03454}
{-1.573382,-2.325776,0.043859}
{-0.410424,-2.848493,0.09886}
{-1.433967,-1.588856,-0.080668}
{-2.059221,-2.770372,0.024846}
{-0.502102,-2.865108,0.078884}
{-1.77015,-1.37576,-0.08176}
{-1.340921,-2.356698,0.032193}
{-0.566585,-2.74754,0.067127}
{-2.149816,-1.232747,-0.104273}
{-1.74682,-2.784916,0.024818}
{-0.582209,-2.769622,0.061458}
{-2.193596,-1.074498,-0.130847}
{-1.557842,-2.672394,0.021737}
{-0.672756,-2.766555,0.047582}
{-2.098371,-0.803565,-0.165461}
{-1.315166,-1.195025,-0.014475}
{-1.923619,-0.420675,-0.214834}
{-0.716528,-3.075568,0.035525}
{-1.038395,-1.224395,-0.039432}
{-1.773732,-0.018735,-0.282767}
{-1.226881,-1.082291,-0.048129}
{-0.718928,-2.710895,0.043975}
{-1.589111,0.509925,-0.332982}
{-1.099201,-1.08064,-0.048306}
{-0.793351,-3.432811,0.022056}
{-1.318776,1.133894,-0.371538}
{-0.991875,-1.072996,-0.05018}
{-0.833916,-2.729787,0.022333}
{-0.972892,1.819711,-0.284906}
{-1.09515,-0.946197,-0.061444}
{-0.595297,2.334237,-0.056204}
{-1.339407,-0.734136,-0.085364}
{-0.897752,-3.533235,0.00007}
{-0.212466,2.561078,0.139802}
{-1.868873,-0.351086,-0.132913}
{-0.836315,-2.706164,0.023179}
{0.276385,2.470993,0.243108}
{-1.873342,-0.212895,-0.190218}
{-0.93031,-2.931278,0.004322}
{0.801449,2.243149,0.221472}
{-1.764786,-0.11012,-0.201775}
{1.217588,1.878422,0.252941}
{-1.65949,0.087948,-0.172329}
{-0.941138,-2.84962,0.011323}
{1.68127,1.231272,0.314415}
{-1.603427,0.278728,-0.11463}
{0.716939,0.226403,0.055812}
{-1.495045,0.443756,0.007663}
{-1.937318,-3.18923,0.032788}
{-1.705041,-3.016364,0.02663}
{-1.341295,0.476697,0.135794}
{-1.740928,-3.077528,0.026242}
{-1.111584,0.405598,0.267104}
{-4.822617,1.043125,-1.214217}
{0.140658,-1.931281,0.040639}
{-0.791183,0.266771,0.401519}
{0.56176,-2.398279,0.116944}
{-0.291966,0.192092,0.206639}
{0.225729,-2.20313,-0.002454}
{2.824629,-0.004035,-0.523822}
{3.127032,0.156434,-0.443994}
{0.54181,-2.587752,0.034924}
{-1.121414,-3.474496,0.002796}
{0.255666,-2.417974,-0.063678}
{1.779889,-0.107076,-0.244995}
{0.2187,-2.398176,-0.077412}
{0.644814,-0.312775,-0.111807}
{-1.028951,-2.968068,0.012278}
{0.241035,-2.545477,-0.145231}
{-0.659599,-0.719115,0.23368}
{-1.066762,-3.076981,0.012405}
{0.378401,-2.570584,-0.114722}
{-1.522895,-0.470861,0.462083}
{-1.066903,-2.963424,0.01372}
{0.764695,-3.065582,-0.164264}
{-1.738369,0.00846,0.62614}
{0.425676,-2.636387,-0.191759}
{-1.216376,0.68483,0.726972}
{-1.089399,-3.034345,0.013527}
{0.545987,-2.564191,-0.157404}
{0.272584,1.434673,0.793702}
{-1.211698,-2.954338,0.023716}
{0.557969,-2.412733,-0.12704}
{1.29972,1.087814,0.833521}
{-1.197712,-2.934514,0.026371}
{0.968291,-2.758639,-0.101193}
{-4.456032,0.581195,-2.2349}
{-1.330675,-3.082785,0.034669}
{0.428613,-2.611482,-0.185521}
{-3.820284,0.575783,-1.106612}
{1.276849,-2.798284,-0.048876}
{-1.200002,-2.916352,0.027613}
{-3.098312,0.338162,-0.592221}
{0.443797,-1.887905,-0.035614}
{-2.545141,0.000978,-0.263078}
{-1.580286,-3.434034,0.05463}
{1.42247,-2.686235,-0.010415}
{-2.165103,-0.427202,-0.002636}
{-1.188683,-2.906193,0.028611}
{0.400369,-2.530038,-0.149567}
{-1.931291,-0.853583,0.144953}
{-1.429006,-3.287601,0.048608}
{1.444445,-2.650042,-0.011455}
{-1.885861,-1.301973,0.225323}
{-1.357759,-3.216777,0.044749}
{0.914641,-1.969183,0.026831}
{-1.938314,-1.751447,0.217228}
{1.15621,-2.428317,0.019426}
{-2.008525,-2.099539,0.197183}
{-1.482923,-3.467105,0.042877}
{0.466084,-2.376167,-0.059662}
{-1.989124,-2.311363,0.125944}
{-1.379603,-3.332257,0.04297}
{1.059625,-2.416067,0.021576}
{-1.647087,-2.208745,0.068347}
{-1.233427,-3.116676,0.040179}
{0.68241,-2.155903,0.025621}
{-1.440191,-2.277808,0.044441}
{-1.28417,-3.223047,0.047645}
{1.451796,-2.65305,0.04861}
{-1.344135,-2.358549,0.03216}
{-1.353484,-3.494559,0.059853}
{-1.385229,-2.397552,0.030571}
{0.734274,-2.516463,0.017583}
{-1.497331,-2.581332,0.026467}
{1.437807,-2.892431,0.037062}
{-1.513127,-3.898082,0.074023}
{-1.542907,-2.727024,0.018741}
{1.34614,-3.035793,0.042258}
{-1.350623,-1.249046,-0.025195}
{1.208213,-3.341261,0.037443}
{-1.102127,-1.306348,-0.052988}
{0.412014,-3.247297,0.015389}
{-1.617641,-1.107015,-0.047995}
{0.690589,-3.999928,0.020188}
{-1.058085,-1.080108,-0.048363}
{0.276408,-4.268871,0.048782}
{-1.659398,-0.923243,-0.092937}
{-1.234394,-3.487233,0.061796}
{-0.361788,-4.029605,0.05757}
{-1.302156,-1.015546,-0.103368}
{-1.627853,-4.564469,0.101407}
{-1.022104,-4.345296,0.069317}
{-1.448763,-0.900434,-0.158719}
{-1.35773,-5.083044,0.132214}
{-1.091802,-3.414533,0.069735}
{-2.109688,-5.180376,0.139704}
{-1.410768,-4.692623,0.106674}
{-1.787072,-0.618948,-0.212848}
{-2.200062,-4.393107,0.044315}
{-1.017514,-3.549071,0.068375}
{-1.841934,-0.377183,-0.262476}
{-2.960487,-4.46382,-0.01266}
{-1.042119,-4.491421,0.107671}
{-1.73978,-0.227908,-0.256784}
{-2.857007,-3.869083,-0.035649}
{-0.873339,-3.901664,0.089841}
{-1.65816,0.035476,-0.217722}
{-3.861179,-4.031374,0.022283}
{-0.799518,-4.252513,0.102709}
{-1.565643,0.23682,-0.177734}
{-2.821473,-3.289936,0.052193}
{-0.67027,-4.108017,0.105358}
{-3.134835,-3.325611,0.072269}
{-0.466788,-3.957441,0.109506}
{-1.46491,0.397217,-0.091108}
{-2.475868,-2.876364,0.071843}
{-0.392151,-3.852103,0.112978}
{-1.325395,0.430355,0.019188}
{-2.298076,-2.920763,0.091038}
{-0.306612,-3.742326,0.111081}
{-1.174981,0.335951,0.091139}
{-1.932219,-2.698016,0.088205}
{-0.276379,-3.648411,0.109348}
{-0.95195,0.161705,0.10096}
{-2.392542,-3.174063,0.088349}
{-0.196137,-3.436006,0.102604}
{-1.903809,-2.879575,0.06088}
{-0.500454,0.118482,0.027073}
{-0.188777,-3.33972,0.100139}
{-2.100143,-3.059472,0.053345}
{-0.202379,-3.267013,0.093916}
{-0.367926,0.390494,0.218572}
{-1.982089,-3.133744,0.046029}
{-0.188247,-3.361301,0.093382}
{-0.274953,0.404486,0.282435}
{0.293575,0.062135,0.179707}
{-1.847142,-2.987246,0.040636}
{-3.81795,1.095196,-0.271762}
{1.662285,-0.946038,-0.049698}
{-2.331831,-3.649998,0.027358}
{-2.832055,0.876207,-0.006039}
{-1.612484,-2.856041,0.026792}
{4.227131,-1.385973,-0.524502}
{-1.824207,0.361578,0.112253}
{-1.96801,-3.349877,0.022749}
{-1.268877,0.033631,0.169519}
{3.362815,-0.883692,-0.382582}
{0.14736,-1.894634,0.039464}
{-0.841056,-0.47405,0.212409}
{1.965581,-1.078926,-0.136833}
{0.440411,-2.159813,0.104923}
{-0.543736,-0.97059,0.239517}
{0.326147,-2.156612,0.019324}
{0.58758,-1.391717,0.13609}
{-0.365453,-1.405177,0.216252}
{0.407876,-2.117175,0.040253}
{-0.286507,-1.750279,0.170241}
{-1.114159,-1.851244,0.463744}
{0.459501,-2.118771,0.010687}
{-0.272179,-1.979334,0.133116}
{-2.540239,-1.824531,0.593115}
{0.965767,-2.350914,0.090199}
{-3.23715,-1.369219,0.66101}
{-0.295271,-2.133258,0.103199}
{0.436719,-1.920379,-0.019804}
{-2.955921,-0.792106,0.792146}
{1.058815,-2.415351,0.069467}
{-1.517508,0.008992,0.917612}
{0.70662,-1.994062,0.005036}
{1.106278,0.706668,0.848237}
{1.640616,-2.769601,0.080582}
{-2.673846,0.733816,-2.400406}
{0.568022,-2.206408,-0.092119}
{-2.252466,0.717335,-1.248493}
{1.550518,-2.585315,0.081329}
{-1.998976,0.381944,-0.688829}
{1.38366,-2.306832,0.092825}
{-1.776602,-0.01959,-0.328935}
{1.53829,-2.460651,0.08804}
{-1.631657,-0.472872,-0.039216}
{1.451353,-2.406649,0.052913}
{-1.601453,-0.919806,0.132911}
{0.528176,-1.941325,-0.029562}
{-1.624047,-1.371654,0.222474}
{0.478744,-1.843354,-0.018049}
{-1.676188,-1.808761,0.229018}
{1.145372,-2.057118,0.041118}
{-1.82707,-2.15028,0.221955}
{1.521165,-2.113039,0.077611}
{-1.837295,-2.326937,0.135084}
{1.543143,-2.065866,0.084408}
{-1.606762,-2.295676,0.067338}
{0.958095,-1.785112,0.032385}
{-1.303287,-2.265882,0.042719}
{0.557036,-1.668942,0.048264}
{-1.831576,-2.762809,0.017758}
{0.720409,-1.778884,0.025477}
{-1.418172,-2.42451,0.029625}
{0.502261,-1.872272,0.018995}
{-1.740637,-2.912751,0.018031}
{1.156248,-1.9534,0.047677}
{-1.545501,-2.766126,0.017089}
{1.669143,-2.303535,0.024562}
{-1.060724,-1.359244,-0.048197}
{1.6484,-2.279518,0.040218}
{-1.031736,-1.34445,-0.053224}
{1.568133,-2.511067,0.065458}
{-1.02002,-1.338096,-0.053783}
{1.484927,-2.658604,0.071604}
{-1.023345,-1.216774,-0.073478}
{1.286532,-2.982782,0.075439}
{-1.141981,-1.088208,-0.105573}
{1.008455,-3.277794,0.116505}
{-1.218863,-1.051527,-0.109078}
{0.581385,-3.703224,0.213821}
{-1.375153,-0.953728,-0.160104}
{0.052484,-4.254302,0.275423}
{-1.526974,-0.806056,-0.199376}
{-0.624694,-4.846234,0.337016}
{-1.791213,-0.405538,-0.311661}
{-1.469051,-5.412708,0.301819}
{-1.719836,-0.201286,-0.309614}
{-2.422318,-5.572651,0.255878}
{-0.346654,-2.240578,0.094471}
{-1.520261,0.018293,-0.254528}
{-3.205984,-5.609658,0.048511}
{-1.386753,0.176842,-0.229157}
{-0.416094,-2.328117,0.094883}
{-2.496982,-3.212808,-0.042775}
{-1.290554,0.359303,-0.166413}
{-0.498302,-2.40943,0.10275}
{-2.634463,-3.233822,-0.028414}
{-1.139204,0.46732,-0.060571}
{-2.793321,-3.208218,-0.012439}
{-0.59274,-2.492836,0.124151}
{-0.982586,0.461164,0.023042}
{-3.051413,-3.054222,0.00783}
{-0.70404,-2.599494,0.156816}
{-0.777349,0.233439,0.001671}
{-3.962905,-3.510111,-0.05352}
{-0.842085,-2.748233,0.196085}
{-0.529245,0.070283,-0.004373}
{-3.667539,-3.482974,0.006126}
{-0.213773,-0.227702,0.078248}
{-0.994675,-2.945089,0.208364}
{-2.409902,-2.808028,0.106824}
{0.278007,-0.742723,0.129652}
{-3.216029,-3.449122,0.167895}
{1.088799,-1.41033,0.029854}
{-2.116594,-2.634196,0.122738}
{2.350414,-2.071411,-0.146865}
{-2.215421,-3.003858,0.065686}
{3.698479,-1.972762,-0.244318}
{-2.061652,-2.900213,0.061638}
{3.089332,-1.64504,-0.109103}
{-2.125713,-3.134027,0.048229}
{1.661999,-1.929915,0.19096}
{-2.243312,-3.322005,0.04341}
{0.28395,-2.417696,0.423582}
{-1.669147,-2.838011,0.030034}
{-1.495417,-2.998885,0.557744}
{-2.061095,-3.294055,0.023319}
{-3.467027,-3.130239,0.552182}
{-1.881931,-3.22522,0.023053}
{-4.338834,-2.794284,0.575508}
{0.43765,-1.805431,0.085559}
{-4.36516,-2.372479,0.709085}
{0.299092,-1.722489,0.066403}
{-3.740859,-1.842412,0.86065}
{0.42436,-1.710082,0.095383}
{-0.445974,-0.65264,0.731328}
{0.586533,-1.770342,0.125404}
{0.67834,-1.790195,0.102303}
{-0.367444,0.531311,-2.562821}
{0.545501,-1.741964,0.056456}
{-0.620718,0.358296,-1.308282}
{0.993613,-1.79201,0.131775}
{-0.802813,-0.066212,-0.729238}
{0.637486,-1.68774,0.051099}
{-0.992996,-0.428107,-0.348729}
{1.50387,-1.932118,0.25272}
{-1.141531,-0.826878,-0.037722}
{1.655372,-1.953563,0.193366}
{-1.232369,-1.17535,0.102919}
{1.70177,-1.991475,0.118051}
{-1.343206,-1.556854,0.19229}
{1.552252,-1.981221,0.164519}
{-1.498726,-1.866659,0.238196}
{1.537484,-2.02632,0.195005}
{-1.637528,-2.184889,0.22566}
{1.522162,-2.046573,0.205367}
{-1.68919,-2.354017,0.143029}
{1.524272,-1.993824,0.170987}
{-1.51595,-2.338535,0.058053}
{1.385698,-1.742692,0.063742}
{-1.253246,-2.244192,0.043467}
{-1.365581,-0.914225,-0.175048}
{-1.378089,-2.355737,0.037999}
{-1.789491,-0.399433,-0.31596}
{-1.340764,-2.417991,0.028419}
{-2.241038,-1.378456,-0.05236}
{-1.284114,-2.478812,0.022396}
{-2.37291,-1.299262,-0.109624}
{-1.259546,-2.490262,0.020012}
{-2.340689,-1.039041,-0.200699}
{-1.326363,-1.412395,-0.023687}
{-2.072766,-0.638447,-0.229278}
{-1.157252,-1.33624,-0.050355}
{-1.944555,-0.233018,-0.27362}
{-1.537631,-1.308424,-0.042262}
{-1.799561,0.303725,-0.296774}
{-1.05319,-1.316495,-0.074591}
{-0.355388,-2.961911,0.086341}
{-1.562847,0.939228,-0.31054}
{-1.554307,-1.078754,-0.083377}
{-0.296111,-3.299942,0.083333}
{-1.278408,1.641819,-0.133039}
{-1.218717,-1.102473,-0.100603}
{-0.928093,2.151281,0.117898}
{-1.496288,-0.95821,-0.165678}
{-0.379554,-2.872062,0.090482}
{-0.488649,2.396376,0.278503}
{-3.433343,1.331399,-0.57337}
{-0.333065,-3.429922,0.071411}
{0.101786,2.399946,0.360206}
{-2.515353,1.118278,-0.22208}
{0.733951,2.232949,0.334938}
{-1.546032,0.546246,-0.02966}
{-1.135644,-3.12666,0.175497}
{1.263646,1.874547,0.348244}
{-1.045793,0.261865,0.085776}
{-1.087418,-2.881023,0.109477}
{1.898224,1.228865,0.35773}
{-0.633764,-0.26966,0.149519}
{0.95079,0.191993,0.017121}
{-1.095632,-2.777439,0.054436}
{-0.376496,-0.776048,0.19477}
{-4.246179,1.165871,-1.633924}
{-0.223531,-1.229803,0.195395}
{-1.112504,-2.739425,0.032615}
{-0.989273,-2.970849,0.230253}
{-0.197099,-1.635936,0.16441}
{-1.235039,-3.055824,0.018635}
{-1.116144,-3.102069,0.202381}
{-0.232755,-1.897222,0.127934}
{-1.085319,-2.671646,0.02507}
{-1.169485,-3.054777,0.090975}
{-0.28449,-2.085952,0.098455}
{-1.07498,-2.740236,0.050479}
{-0.357987,-2.225891,0.091163}
{-1.133579,-2.760603,0.018158}
{-0.987628,-2.489727,0.035435}
{-0.437357,-2.337058,0.092891}
{-1.070331,-2.587391,0.019007}
{-1.111334,-2.775829,0.023517}
{-0.525016,-2.438554,0.102732}
{-1.290077,-1.976056,-0.025075}
{-1.123269,-2.803495,0.023514}
{-0.620464,-2.537762,0.127398}
{-1.327995,-3.275184,0.015399}
{-0.730746,-2.652464,0.165644}
{-1.279062,-1.961773,-0.030974}
{-1.095844,-2.658805,0.018002}
{-0.856779,-2.809417,0.213044}
{-1.412936,-1.90487,-0.039787}
{-0.506441,-3.035899,0.057603}
{-1.322534,-2.029607,-0.010644}
{-1.601016,-1.862635,-0.038304}
{-1.470365,-1.891385,-0.037116}
{-1.319421,-2.017206,-0.017836}
{-2.343822,-1.63421,-0.031476}
{-0.462439,-3.599924,0.045467}
{-1.434953,-1.846909,-0.034382}
{-1.328102,-2.02978,-0.0333}
{-2.531341,-1.595327,-0.109067}
{-0.533711,-3.092177,0.054843}
{-1.337541,-1.897545,-0.042298}
{-1.305027,-1.973079,-0.039612}
{-2.500698,-1.378783,-0.236546}
{-0.59038,-3.39037,0.042448}
{-1.429904,-1.780232,-0.052675}
{-1.374033,-1.933253,-0.032157}
{-2.238638,-0.949367,-0.240027}
{-0.666826,-3.256273,0.031744}
{-2.062811,-1.555152,-0.042157}
{-1.77301,-1.771149,0.011146}
{-2.158473,-0.552707,-0.236864}
{-0.732567,-3.243994,0.025607}
{-3.335437,1.292674,-1.948326}
{-1.369711,-1.973273,-0.043202}
{-2.04628,-0.022747,-0.236456}
{-0.749917,-3.20126,0.02442}
{-2.626947,1.485077,-0.821789}
{-0.86072,-2.875658,0.219161}
{-1.905361,0.547568,-0.177467}
{-0.803976,-2.971304,0.023139}
{-1.91864,1.227345,-0.396754}
{-0.971903,-2.962439,0.222527}
{-1.708257,1.178922,0.027987}
{-0.835241,-2.716359,0.022456}
{-1.137439,0.610396,-0.159486}
{-1.115757,-3.192531,0.207059}
{-1.447241,1.620479,0.240146}
{-0.673953,0.319496,-0.020187}
{-0.941961,-2.473635,0.056672}
{-0.995956,1.895366,0.422213}
{-0.358532,-0.220842,0.077459}
{-0.876259,-2.911705,0.019355}
{-1.031643,-2.675634,0.048828}
{-0.13831,-0.727753,0.137553}
{-0.352519,1.95843,0.517052}
{-1.145811,-2.973241,0.029671}
{0.490589,2.021385,0.501069}
{-0.04673,-1.172802,0.167491}
{-0.96341,-3.320279,0.012717}
{-1.127175,-2.881299,0.025145}
{1.20757,1.772262,0.479709}
{-0.07098,-1.580618,0.150279}
{-0.931284,-2.794988,0.014025}
{-1.069099,-2.706734,0.025063}
{1.994466,1.162596,0.464701}
{-0.148249,-1.851046,0.119048}
{-1.067104,-2.670624,0.02362}
{-0.252427,-2.066503,0.095286}
{0.988659,0.190471,0.035216}
{-1.054655,-3.421136,0.001926}
{-1.133281,-2.80432,0.016593}
{-0.342245,-2.221628,0.088669}
{-1.423835,-1.975056,-0.037147}
{-0.971537,-2.87889,0.011347}
{-1.193725,-2.201001,-0.017114}
{-1.9846,-1.905791,-0.039319}
{-0.438518,-2.353216,0.091851}
{-1.158029,-3.459662,0.005232}
{-1.253667,-2.152653,-0.011963}
{-2.37423,-1.848831,-0.049328}
{-0.532881,-2.470397,0.103163}
{-1.092015,-3.159776,0.009414}
{-1.315181,-2.155397,-0.019786}
{-2.610722,-1.896847,-0.129984}
{-0.63011,-2.581176,0.129072}
{-1.077421,-2.999147,0.014386}
{-1.599854,-1.968184,-0.007281}
{-2.427509,-1.588347,-0.243937}
{-0.736915,-2.710648,0.169537}
{-1.154392,-3.242017,0.013598}
{-1.291345,-2.018134,-0.038248}
{-2.414308,-1.303842,-0.240386}
{1.068143,0.155977,0.074819}
{-1.483921,-1.917027,-0.027713}
{-1.417532,-3.317196,0.036348}
{-2.391629,-0.942037,-0.197965}
{-2.165212,1.353418,-2.201244}
{-0.735008,-2.758674,0.174866}
{-1.258571,-3.068398,0.029043}
{-2.3725,-0.505932,-0.137706}
{-1.634273,1.525502,-1.020151}
{-0.853735,-2.929093,0.224731}
{-1.285818,-3.137483,0.032158}
{-2.278128,0.007963,-0.044372}
{-1.06354,1.213623,-0.56144}
{-0.989251,-3.114815,0.244601}
{-1.310737,-3.20723,0.036293}
{-2.187204,0.491685,0.141583}
{-0.486159,0.518424,-0.293905}
{-1.112236,-3.259286,0.20856}
{-1.209374,-3.005987,0.031771}
{-2.040207,0.839749,0.299802}
{-0.180709,0.195865,-0.13551}
{-1.129701,-3.148613,0.068808}
{-1.479313,-3.544003,0.047158}
{-1.680519,1.094094,0.520879}
{0.047305,-0.330315,-0.02635}
{-0.987332,-2.622281,0.046937}
{-1.365524,-3.340588,0.042301}
{-1.148546,1.166944,0.6639}
{0.124077,-0.786837,0.075894}
{-0.972496,-2.537195,0.042272}
{-1.181355,-3.01091,0.032735}
{-0.222797,1.369858,0.664165}
{0.157266,-1.202846,0.127088}
{-1.078602,-2.777493,0.025754}
{-1.350092,-3.295632,0.039057}
{0.851494,1.428005,0.641989}
{0.076815,-1.582758,0.126656}
{-1.206494,-3.094025,0.019271}
{-1.310789,-3.290388,0.040892}
{2.001676,1.029711,0.567977}
{-0.051323,-1.84388,0.107409}
{-1.181348,-3.034613,0.016935}
{-1.680598,-3.998756,0.050752}
{-1.716449,-1.991692,-0.00431}
{-0.183575,-2.061723,0.090201}
{-1.158615,-2.935003,0.014664}
{-1.16191,-3.136593,0.039536}
{-1.490816,-1.996475,-0.030389}
{-0.312554,-2.233064,0.088455}
{-1.240755,-2.177808,-0.00865}
{-1.50728,-3.936931,0.053911}
{-1.627627,-1.945646,-0.055442}
{-0.421856,-2.373981,0.093263}
{-1.413291,-2.058971,0.016029}
{-1.25449,-3.449718,0.052681}
{-2.349303,-2.017743,-0.09687}
{-0.526095,-2.502723,0.106374}
{-1.241408,-2.27319,-0.017372}
{-1.250307,-3.524622,0.054874}
{-2.411129,-1.985857,-0.202782}
{-0.627877,-2.624429,0.133879}
{-1.323629,-2.205282,-0.014913}
{-1.119024,-3.311232,0.05576}
{-2.462989,-1.891568,-0.277117}
{1.718937,0.75509,0.696818}
{-1.353062,-2.164979,-0.024595}
{-2.549072,-1.667474,-0.228675}
{1.073958,0.131794,0.111346}
{-1.10136,-3.586039,0.067738}
{-0.619862,-2.671076,0.139933}
{-2.61887,-1.417835,-0.163104}
{-0.807519,1.302528,-2.393786}
{-0.73065,-2.811475,0.181834}
{-1.134967,-3.869236,0.077523}
{-2.660837,-1.091323,-0.092223}
{-0.356446,1.414681,-1.155051}
{-0.851368,-2.984074,0.231498}
{-1.043829,-3.904403,0.08098}
{-2.655141,-0.724593,0.013946}
{-0.016517,1.023593,-0.644096}
{-0.982716,-3.167663,0.248394}
{-1.100327,-4.429939,0.101421}
{-2.644866,-0.377288,0.160227}
{0.254215,0.308906,-0.340709}
{-1.096435,-3.308888,0.206475}
{-2.597938,-0.124552,0.292437}
{-0.799741,-3.568223,0.077219}
{0.454449,-0.019717,-0.167866}
{-0.897002,-2.52994,0.091733}
{-2.425592,0.046764,0.495081}
{-0.817644,-4.912861,0.123555}
{0.474909,-0.492499,-0.043815}
{-0.952242,-2.528263,0.04412}
{-2.04399,0.112848,0.627824}
{-0.743912,-3.747822,0.079244}
{0.435944,-0.908563,0.05944}
{-1.186058,-3.247455,0.021344}
{-1.304748,0.340529,0.691484}
{-0.500791,-4.847459,0.127777}
{0.361604,-1.280289,0.118448}
{-1.016043,-2.688387,0.025286}
{0.094361,0.750343,0.746295}
{-0.405554,-4.163688,0.119782}
{0.22264,-1.629208,0.120771}
{-1.419714,-2.254706,-0.015743}
{-1.031263,-2.664179,0.02019}
{-0.20731,-4.284171,0.123671}
{-1.537023,-2.167105,-0.010211}
{-1.111833,-2.871504,0.017836}
{-0.220088,-4.390529,0.116769}
{-1.431543,-2.221399,-0.031366}
{-1.237777,-3.184098,0.011179}
{-1.873236,-2.081976,-0.088144}
{-0.326562,-3.677938,0.085979}
{-1.186341,-2.271971,-0.011832}
{-2.23348,-2.119961,-0.271923}
{-0.000121,-4.452514,0.115262}
{-2.38245,-2.124148,-0.513886}
{-1.274479,-2.232104,-0.010565}
{0.058927,-1.873686,0.106303}
{-0.224433,-3.133106,0.094754}
{-2.41543,-2.066691,-0.300788}
{-1.284742,-2.261526,-0.009139}
{-0.031001,-4.307593,0.087407}
{-0.114396,-2.086893,0.093342}
{-2.583622,-1.92813,-0.175103}
{-1.508782,-2.174156,-0.008339}
{-0.446992,-3.156052,0.061891}
{-0.265204,-2.259192,0.091686}
{-2.719848,-1.835708,-0.128665}
{-1.087133,-0.457235,0.776839}
{-0.193657,-3.936413,0.068321}
{-0.396053,-2.406238,0.097269}
{-2.835245,-1.674207,-0.071127}
{0.817219,0.087584,0.790668}
{-0.346316,-3.284278,0.073581}
{-0.51174,-2.542358,0.111436}
{-2.904516,-1.471276,0.013596}
{-0.965188,-2.90221,0.012485}
{-0.382008,-3.544513,0.054761}
{-1.215032,-3.248326,0.039048}
{-2.964544,-1.273884,0.129971}
{-1.146398,-3.593256,0.001682}
{-0.451367,-3.37792,0.050184}
{-1.243648,-3.318436,0.041652}
{-3.015458,-1.145843,0.246373}
{-1.012313,-2.900755,0.011924}
{-0.561994,-3.19203,0.04144}
{-1.385347,-3.680576,0.047426}
{-2.966575,-1.06204,0.417638}
{-1.00742,-2.836134,0.013828}
{-0.602259,-3.017716,0.041047}
{-1.300343,-3.657464,0.053114}
{-2.752513,-1.014341,0.548375}
{-1.191337,-3.400146,0.01213}
{-0.693327,-2.814132,0.035184}
{-1.580865,-4.423018,0.062906}
{-2.30301,-0.865107,0.663965}
{-1.018399,-2.768532,0.015348}
{-0.755096,-2.936372,0.031017}
{-1.094761,-3.298878,0.045789}
{-0.450056,-3.428611,0.078825}
{-1.225289,-3.060928,0.025322}
{-0.750996,-2.855479,0.031046}
{-1.423523,-4.539002,0.067048}
{-0.432678,-3.397134,0.076538}
{-1.299642,-3.244201,0.029723}
{-0.836033,-3.383263,0.025783}
{-1.132892,-3.789665,0.063274}
{-0.442066,-3.361108,0.075141}
{-1.149439,-2.901879,0.023485}
{-0.860348,-3.081907,0.021796}
{-1.150202,-4.174821,0.069004}
{-0.460518,-3.083801,0.066038}
{-1.199004,-3.020465,0.030591}
{-0.931624,-3.409695,0.019736}
{-1.058259,-3.979718,0.068986}
{-0.500004,-3.011224,0.058857}
{-1.294333,-3.272878,0.033922}
{-0.92336,-3.299907,0.019769}
{-0.901032,-3.81461,0.069666}
{-0.511701,-3.018706,0.057864}
{-1.233977,-3.127776,0.033386}
{-0.775484,-3.664347,0.06858}
{-0.513271,-3.114315,0.05681}
{-0.952469,-3.150344,0.013544}
{-1.318584,-3.332571,0.03439}
{-0.724036,-3.437382,0.06679}
{-0.532932,-3.191841,0.053083}
{-0.934977,-2.839897,0.014191}
{-1.568217,-3.850956,0.040348}
{-0.722939,-3.416528,0.066625}
{-0.576935,-3.237984,0.04808}
{-0.868381,-3.031186,0.020717}
{-1.181724,-3.130202,0.031173}
{-0.611699,-3.489354,0.074562}
{-0.611876,-3.381701,0.043875}
{-0.861873,-2.786196,0.020065}
{-1.357044,-3.538626,0.038972}
{-0.490263,-3.443142,0.077566}
{-0.627739,-2.837353,0.043346}
{-0.93125,-3.104108,0.017782}
{-1.23918,-3.269237,0.027184}
{-0.968936,-4.578419,0.075791}
{-0.688642,-3.691082,0.035448}
{-0.969137,-3.113018,0.015492}
{-1.342388,-3.509956,0.030783}
{-0.738177,-3.706332,0.068916}
{-0.756539,-3.162875,0.028245}
{-1.054516,-3.360299,0.009264}
{-1.162769,-3.105582,0.0292}
{-0.798815,-4.85958,0.078032}
{-0.793485,-3.455405,0.028861}
{-1.072613,-3.423546,0.008119}
{-1.308658,-3.418075,0.032567}
{-0.73709,-3.635011,0.054161}
{-0.798251,-3.453148,0.029012}
{-1.02257,-3.039844,0.00994}
{-1.420063,-3.684583,0.036539}
{-0.596031,-4.329377,0.072349}
{-0.826009,-3.079854,0.024705}
{-1.018908,-2.891945,0.013321}
{-1.314228,-3.526405,0.039302}
{-0.538467,-4.166778,0.075792}
{-0.731238,-3.297842,0.030712}
{-1.020707,-2.898717,0.01328}
{-1.558824,-4.153577,0.039914}
{-0.48587,-3.627401,0.070209}
{-0.766961,-3.036648,0.027195}
{-1.120233,-3.15147,0.013236}
{-1.140889,-3.22597,0.035697}
{-0.460127,-4.335922,0.069516}
{-0.785025,-2.841229,0.025581}
{-1.206272,-3.36928,0.01488}
{-1.255043,-3.655879,0.043848}
{-0.613892,-3.20945,0.045455}
{-0.823998,-3.08886,0.023827}
{-1.199491,-3.150173,0.022072}
{-1.134873,-3.390191,0.045145}
{-0.468647,-4.10677,0.058596}
{-0.868686,-3.067869,0.020747}
{-1.386396,-3.495222,0.032533}
{-1.140588,-3.464598,0.048346}
{-0.9593,-3.478321,0.016336}
{-0.480775,-3.625967,0.059032}
{-1.217712,-3.788946,0.053124}
{-1.171293,-3.068617,0.024068}
{-0.960585,-3.440295,0.016049}
{-0.510945,-3.484364,0.054346}
{-1.027075,-3.482444,0.054769}
{-1.166652,-3.081344,0.026276}
{-0.929283,-3.05151,0.017506}
{-0.534745,-3.993702,0.047277}
{-1.197216,-4.434952,0.067227}
{-1.391435,-3.545401,0.03695}
{-1.001121,-3.238496,0.014344}
{-0.694408,-2.961008,0.033491}
{-1.059535,-3.874617,0.056528}
{-1.409209,-3.697744,0.029643}
{-0.949657,-2.866888,0.015288}
{-0.619633,-3.73818,0.041645}
{-1.007517,-4.299644,0.065106}
{-1.143332,-3.047171,0.020558}
{-1.029792,-3.117658,0.013903}
{-0.661158,-3.27702,0.038234}
{-1.242043,-3.92391,0.041073}
{-1.376354,-3.62133,0.027004}
{-1.102956,-3.317618,0.012176}
{-0.640092,-3.206936,0.039418}
{-1.15761,-3.893468,0.043555}
{-1.39456,-3.663701,0.029121}
{-1.085895,-3.136493,0.011735}
{-0.691153,-2.9674,0.033687}
{-1.054761,-3.748987,0.045507}
{-1.189854,-3.183547,0.024518}
{-1.063039,-3.047747,0.012266}
{-0.702864,-3.020455,0.032426}
{-0.960911,-3.440015,0.046338}
{-1.234847,-3.264683,0.026723}
{-1.05222,-2.911725,0.014687}
{-0.723018,-3.177045,0.030883}
{-0.936044,-3.360326,0.04655}
{-1.277153,-3.375969,0.028663}
{-1.239928,-3.466855,0.015202}
{-0.752943,-3.328141,0.028388}
{-0.905781,-3.569172,0.049315}
{-1.37339,-3.635723,0.029585}
{-1.080562,-3.189902,0.01254}
{-0.796403,-3.054527,0.025206}
{-0.818655,-3.719198,0.051774}
{-1.446659,-3.833941,0.029937}
{-1.02073,-2.883874,0.013651}
{-0.859355,-3.702662,0.020135}
{-0.760577,-3.776826,0.05414}
{-1.161741,-3.195152,0.028315}
{-1.131125,-3.22783,0.013246}
{-0.809112,-3.131014,0.023759}
{-0.749608,-3.478955,0.047936}
{-1.132627,-3.204081,0.030694}
{-1.297334,-3.75367,0.012851}
{-0.885212,-3.456711,0.020963}
{-0.671103,-3.890372,0.05798}
{-1.280281,-3.540902,0.033563}
{-1.070602,-2.923698,0.015991}
{-0.927489,-3.542188,0.01837}
{-0.637319,-3.911507,0.059234}
{-1.338654,-3.799424,0.036257}
{-0.897693,-2.919514,0.018071}
{-0.58332,-3.610537,0.055271}
{-1.514766,-4.315922,0.041071}
{-0.896565,-2.911102,0.018112}
{-0.571187,-3.696598,0.051971}
{-1.090959,-3.28241,0.045431}
{-0.957668,-3.037627,0.016746}
{-0.61935,-3.339592,0.044887}
{-1.051482,-3.339335,0.016103}
{-0.586233,-3.491198,0.04646}
{-1.429404,-4.431586,0.042567}
{-1.125093,-3.617429,0.015751}
{-0.604978,-3.37639,0.044239}
{-0.950662,-2.803889,0.015152}
